Workbook
Name Slicer_Country: #N/A
Name Slicer_TransactionType: #N/A
Name Slicer_Year_of_Transaction: #N/A

Sheet Dashboard
B1: Finance Operations Dashboard
B8: Total Outstanding | E8: Total Disputed Amount | H8: % Invoices Late | K8: Total Payable Balance | N8: Total Receivable Balance
B10: =SUMIFS(Raw_Data!F:F,Raw_Data!T:T,1) -> 668446.27 | E10: =SUMIFS(Raw_Data!F:F,Raw_Data!S:S,1) -> 36746.12 | H10: =AVERAGE(Raw_Data!R:R) -> 0.3356592 | K10: =SUMIFS(Raw_Data!F:F,Raw_Data!B:B,"Payable",Raw_Data!T:T,1) -> 668446.27 | N10: =SUMIFS(Raw_Data!F:F,Raw_Data!B:B,"Receivables",Raw_Data!T:T,1) -> 0

Sheet Raw_Data
A1: TransactionID | B1: TransactionType | C1: PartyName | D1: InvoiceDate | E1: DueDate | F1: Amount | G1: Currency | H1: PaymentStatus | I1: PaidDate | J1: DaysLate | K1: DisputedFlag | L1: Country | M1: PaperlessDate | N1: PaperlessBill | O1: Terms | P1: DatasetSource | Q1: AgingBucket | R1: Late Flag | S1: Disputed Flags | T1: Open | U1: Year of Transaction
A2: AP10000 | B2: Payable | C2: BluePrints | D2: 45642 | E2: 45672 | F2: 344.25 | G2: EUR | H2: Open | I2: 0 | L2: 391 | O2: Net 30 | P2: AP | Q2: =IF(Table4[[#This Row],[DaysLate]]="","NA",IF(Table4[[#This Row],[DaysLate]]<=0,"On Time",IF(Table4[[#This Row],[DaysLate]]<=30,"1-30 Days",IF(Table4[[#This Row],[DaysLate]]<=60,"30-60 Days",IF(Table4[[#This Row],[DaysLate]]<=90,"60-90 Days","90+ Days"))))) -> NA | R2: =IF(Table4[[#This Row],[DaysLate]]="","",IF(Table4[[#This Row],[DaysLate]]>0,1,0)) | S2: =IF(Table4[[#This Row],[DisputedFlag]]="","",IF(Table4[[#This Row],[DisputedFlag]]="Yes",1,0)) | T2: =IF(Table4[[#This Row],[PaymentStatus]]="Open",1,0) -> 1 | U2: =IF(Table4[[#This Row],[InvoiceDate]]<>"",YEAR(Table4[[#This Row],[InvoiceDate]]),"") -> 2024
A3: AP10001 | B3: Payable | C3: BluePrints | D3: 45430 | E3: 45460 | F3: 3298.38 | G3: CAD | H3: Partial | I3: 0 | L3: 406 | O3: Net 30 | P3: AP | Q3: =IF(Table4[[#This Row],[DaysLate]]="","NA",IF(Table4[[#This Row],[DaysLate]]<=0,"On Time",IF(Table4[[#This Row],[DaysLate]]<=30,"1-30 Days",IF(Table4[[#This Row],[DaysLate]]<=60,"30-60 Days",IF(Table4[[#This Row],[DaysLate]]<=90,"60-90 Days","90+ Days"))))) -> NA | R3: =IF(Table4[[#This Row],[DaysLate]]="","",IF(Table4[[#This Row],[DaysLate]]>0,1,0)) | S3: =IF(Table4[[#This Row],[DisputedFlag]]="","",IF(Table4[[#This Row],[DisputedFlag]]="Yes",1,0)) | T3: =IF(Table4[[#This Row],[PaymentStatus]]="Open",1,0) -> 0 | U3: =IF(Table4[[#This Row],[InvoiceDate]]<>"",YEAR(Table4[[#This Row],[InvoiceDate]]),"") -> 2024
A4: AP10002 | B4: Payable | C4: Fast Travel | D4: 45347 | E4: 45377 | F4: 1023.43 | G4: GBP | H4: Open | I4: 0 | L4: 770 | O4: Net 30 | P4: AP | Q4: =IF(Table4[[#This Row],[DaysLate]]="","NA",IF(Table4[[#This Row],[DaysLate]]<=0,"On Time",IF(Table4[[#This Row],[DaysLate]]<=30,"1-30 Days",IF(Table4[[#This Row],[DaysLate]]<=60,"30-60 Days",IF(Table4[[#This Row],[DaysLate]]<=90,"60-90 Days","90+ Days"))))) -> NA | R4: =IF(Table4[[#This Row],[DaysLate]]="","",IF(Table4[[#This Row],[DaysLate]]>0,1,0)) | S4: =IF(Table4[[#This Row],[DisputedFlag]]="","",IF(Table4[[#This Row],[DisputedFlag]]="Yes",1,0)) | T4: =IF(Table4[[#This Row],[PaymentStatus]]="Open",1,0) -> 1 | U4: =IF(Table4[[#This Row],[InvoiceDate]]<>"",YEAR(Table4[[#This Row],[InvoiceDate]]),"") -> 2024
A5: AP10003 | B5: Payable | C5: ABC Supplies | D5: 45299 | E5: 45329 | F5: 4433.05 | G5: USD | H5: Partial | I5: 0 | L5: 818 | O5: Net 30 | P5: AP | Q5: =IF(Table4[[#This Row],[DaysLate]]="","NA",IF(Table4[[#This Row],[DaysLate]]<=0,"On Time",IF(Table4[[#This Row],[DaysLate]]<=30,"1-30 Days",IF(Table4[[#This Row],[DaysLate]]<=60,"30-60 Days",IF(Table4[[#This Row],[DaysLate]]<=90,"60-90 Days","90+ Days"))))) -> NA | R5: =IF(Table4[[#This Row],[DaysLate]]="","",IF(Table4[[#This Row],[DaysLate]]>0,1,0)) | S5: =IF(Table4[[#This Row],[DisputedFlag]]="","",IF(Table4[[#This Row],[DisputedFlag]]="Yes",1,0)) | T5: =IF(Table4[[#This Row],[PaymentStatus]]="Open",1,0) -> 0 | U5: =IF(Table4[[#This Row],[InvoiceDate]]<>"",YEAR(Table4[[#This Row],[InvoiceDate]]),"") -> 2024
A6: AP10004 | B6: Payable | C6: ABC Supplies | D6: 45435 | E6: 45465 | F6: 4345.14 | G6: GBP | H6: Partial | I6: 0 | L6: 897 | O6: Net 30 | P6: AP | Q6: =IF(Table4[[#This Row],[DaysLate]]="","NA",IF(Table4[[#This Row],[DaysLate]]<=0,"On Time",IF(Table4[[#This Row],[DaysLate]]<=30,"1-30 Days",IF(Table4[[#This Row],[DaysLate]]<=60,"30-60 Days",IF(Table4[[#This Row],[DaysLate]]<=90,"60-90 Days","90+ Days"))))) -> NA | R6: =IF(Table4[[#This Row],[DaysLate]]="","",IF(Table4[[#This Row],[DaysLate]]>0,1,0)) | S6: =IF(Table4[[#This Row],[DisputedFlag]]="","",IF(Table4[[#This Row],[DisputedFlag]]="Yes",1,0)) | T6: =IF(Table4[[#This Row],[PaymentStatus]]="Open",1,0) -> 0 | U6: =IF(Table4[[#This Row],[InvoiceDate]]<>"",YEAR(Table4[[#This Row],[InvoiceDate]]),"") -> 2024
A7: AP10005 | B7: Payable | C7: Fast Travel | D7: 45482 | E7: 45512 | F7: 1599.18 | G7: AUD | H7: Open | I7: 0 | L7: 770 | O7: Net 30 | P7: AP | Q7: =IF(Table4[[#This Row],[DaysLate]]="","NA",IF(Table4[[#This Row],[DaysLate]]<=0,"On Time",IF(Table4[[#This Row],[DaysLate]]<=30,"1-30 Days",IF(Table4[[#This Row],[DaysLate]]<=60,"30-60 Days",IF(Table4[[#This Row],[DaysLate]]<=90,"60-90 Days","90+ Days"))))) -> NA | R7: =IF(Table4[[#This Row],[DaysLate]]="","",IF(Table4[[#This Row],[DaysLate]]>0,1,0)) | S7: =IF(Table4[[#This Row],[DisputedFlag]]="","",IF(Table4[[#This Row],[DisputedFlag]]="Yes",1,0)) | T7: =IF(Table4[[#This Row],[PaymentStatus]]="Open",1,0) -> 1 | U7: =IF(Table4[[#This Row],[InvoiceDate]]<>"",YEAR(Table4[[#This Row],[InvoiceDate]]),"") -> 2024
A8: AP10006 | B8: Payable | C8: BluePrints | D8: 45646 | E8: 45676 | F8: 894.13 | G8: USD | H8: Open | I8: 0 | L8: 391 | O8: Net 30 | P8: AP | Q8: =IF(Table4[[#This Row],[DaysLate]]="","NA",IF(Table4[[#This Row],[DaysLate]]<=0,"On Time",IF(Table4[[#This Row],[DaysLate]]<=30,"1-30 Days",IF(Table4[[#This Row],[DaysLate]]<=60,"30-60 Days",IF(Table4[[#This Row],[DaysLate]]<=90,"60-90 Days","90+ Days"))))) -> NA | R8: =IF(Table4[[#This Row],[DaysLate]]="","",IF(Table4[[#This Row],[DaysLate]]>0,1,0)) | S8: =IF(Table4[[#This Row],[DisputedFlag]]="","",IF(Table4[[#This Row],[DisputedFlag]]="Yes",1,0)) | T8: =IF(Table4[[#This Row],[PaymentStatus]]="Open",1,0) -> 1 | U8: =IF(Table4[[#This Row],[InvoiceDate]]<>"",YEAR(Table4[[#This Row],[InvoiceDate]]),"") -> 2024
A9: AP10007 | B9: Payable | C9: Fast Travel | D9: 45560 | E9: 45590 | F9: 1303.06 | G9: GBP | H9: Paid | I9: 45593 | J9: 3 | L9: 818 | O9: Net 30 | P9: AP | Q9: =IF(Table4[[#This Row],[DaysLate]]="","NA",IF(Table4[[#This Row],[DaysLate]]<=0,"On Time",IF(Table4[[#This Row],[DaysLate]]<=30,"1-30 Days",IF(Table4[[#This Row],[DaysLate]]<=60,"30-60 Days",IF(Table4[[#This Row],[DaysLate]]<=90,"60-90 Days","90+ Days"))))) -> 1-30 Days | R9: =IF(Table4[[#This Row],[DaysLate]]="","",IF(Table4[[#This Row],[DaysLate]]>0,1,0)) -> 1 | S9: =IF(Table4[[#This Row],[DisputedFlag]]="","",IF(Table4[[#This Row],[DisputedFlag]]="Yes",1,0)) | T9: =IF(Table4[[#This Row],[PaymentStatus]]="Open",1,0) -> 0 | U9: =IF(Table4[[#This Row],[InvoiceDate]]<>"",YEAR(Table4[[#This Row],[InvoiceDate]]),"") -> 2024
A10: AP10008 | B10: Payable | C10: ABC Supplies | D10: 45334 | E10: 45364 | F10: 3481.8 | G10: CAD | H10: Paid | I10: 45367 | J10: 3 | L10: 406 | O10: Net 30 | P10: AP | Q10: =IF(Table4[[#This Row],[DaysLate]]="","NA",IF(Table4[[#This Row],[DaysLate]]<=0,"On Time",IF(Table4[[#This Row],[DaysLate]]<=30,"1-30 Days",IF(Table4[[#This Row],[DaysLate]]<=60,"30-60 Days",IF(Table4[[#This Row],[DaysLate]]<=90,"60-90 Days","90+ Days"))))) -> 1-30 Days | R10: =IF(Table4[[#This Row],[DaysLate]]="","",IF(Table4[[#This Row],[DaysLate]]>0,1,0)) -> 1 | S10: =IF(Table4[[#This Row],[DisputedFlag]]="","",IF(Table4[[#This Row],[DisputedFlag]]="Yes",1,0)) | T10: =IF(Table4[[#This Row],[PaymentStatus]]="Open",1,0) -> 0 | U10: =IF(Table4[[#This Row],[InvoiceDate]]<>"",YEAR(Table4[[#This Row],[InvoiceDate]]),"") -> 2024
A11: AP10009 | B11: Payable | C11: ABC Supplies | D11: 45470 | E11: 45500 | F11: 217.97 | G11: USD | H11: Open | I11: 0 | L11: 897 | O11: Net 30 | P11: AP | Q11: =IF(Table4[[#This Row],[DaysLate]]="","NA",IF(Table4[[#This Row],[DaysLate]]<=0,"On Time",IF(Table4[[#This Row],[DaysLate]]<=30,"1-30 Days",IF(Table4[[#This Row],[DaysLate]]<=60,"30-60 Days",IF(Table4[[#This Row],[DaysLate]]<=90,"60-90 Days","90+ Days"))))) -> NA | R11: =IF(Table4[[#This Row],[DaysLate]]="","",IF(Table4[[#This Row],[DaysLate]]>0,1,0)) | S11: =IF(Table4[[#This Row],[DisputedFlag]]="","",IF(Table4[[#This Row],[DisputedFlag]]="Yes",1,0)) | T11: =IF(Table4[[#This Row],[PaymentStatus]]="Open",1,0) -> 1 | U11: =IF(Table4[[#This Row],[InvoiceDate]]<>"",YEAR(Table4[[#This Row],[InvoiceDate]]),"") -> 2024
A12: AP10010 | B12: Payable | C12: BluePrints | D12: 45360 | E12: 45390 | F12: 1809.07 | G12: EUR | H12: Partial | I12: 0 | L12: 406 | O12: Net 30 | P12: AP | Q12: =IF(Table4[[#This Row],[DaysLate]]="","NA",IF(Table4[[#This Row],[DaysLate]]<=0,"On Time",IF(Table4[[#This Row],[DaysLate]]<=30,"1-30 Days",IF(Table4[[#This Row],[DaysLate]]<=60,"30-60 Days",IF(Table4[[#This Row],[DaysLate]]<=90,"60-90 Days","90+ Days"))))) -> NA | R12: =IF(Table4[[#This Row],[DaysLate]]="","",IF(Table4[[#This Row],[DaysLate]]>0,1,0)) | S12: =IF(Table4[[#This Row],[DisputedFlag]]="","",IF(Table4[[#This Row],[DisputedFlag]]="Yes",1,0)) | T12: =IF(Table4[[#This Row],[PaymentStatus]]="Open",1,0) -> 0 | U12: =IF(Table4[[#This Row],[InvoiceDate]]<>"",YEAR(Table4[[#This Row],[InvoiceDate]]),"") -> 2024
A13: AP10011 | B13: Payable | C13: BluePrints | D13: 45575 | E13: 45605 | F13: 884.1 | G13: USD | H13: Open | I13: 0 | L13: 770 | O13: Net 30 | P13: AP | Q13: =IF(Table4[[#This Row],[DaysLate]]="","NA",IF(Table4[[#This Row],[DaysLate]]<=0,"On Time",IF(Table4[[#This Row],[DaysLate]]<=30,"1-30 Days",IF(Table4[[#This Row],[DaysLate]]<=60,"30-60 Days",IF(Table4[[#This Row],[DaysLate]]<=90,"60-90 Days","90+ Days"))))) -> NA | R13: =IF(Table4[[#This Row],[DaysLate]]="","",IF(Table4[[#This Row],[DaysLate]]>0,1,0)) | S13: =IF(Table4[[#This Row],[DisputedFlag]]="","",IF(Table4[[#This Row],[DisputedFlag]]="Yes",1,0)) | T13: =IF(Table4[[#This Row],[PaymentStatus]]="Open",1,0) -> 1 | U13: =IF(Table4[[#This Row],[InvoiceDate]]<>"",YEAR(Table4[[#This Row],[InvoiceDate]]),"") -> 2024
A14: AP10012 | B14: Payable | C14: ABC Supplies | D14: 45065 | E14: 45095 | F14: 1491.7 | G14: GBP | H14: Open | I14: 0 | L14: 391 | O14: Net 30 | P14: AP | Q14: =IF(Table4[[#This Row],[DaysLate]]="","NA",IF(Table4[[#This Row],[DaysLate]]<=0,"On Time",IF(Table4[[#This Row],[DaysLate]]<=30,"1-30 Days",IF(Table4[[#This Row],[DaysLate]]<=60,"30-60 Days",IF(Table4[[#This Row],[DaysLate]]<=90,"60-90 Days","90+ Days"))))) -> NA | R14: =IF(Table4[[#This Row],[DaysLate]]="","",IF(Table4[[#This Row],[DaysLate]]>0,1,0)) | S14: =IF(Table4[[#This Row],[DisputedFlag]]="","",IF(Table4[[#This Row],[DisputedFlag]]="Yes",1,0)) | T14: =IF(Table4[[#This Row],[PaymentStatus]]="Open",1,0) -> 1 | U14: =IF(Table4[[#This Row],[InvoiceDate]]<>"",YEAR(Table4[[#This Row],[InvoiceDate]]),"") -> 2023
A15: AP10013 | B15: Payable | C15: ABC Supplies | D15: 45249 | E15: 45279 | F15: 4212.17 | G15: AUD | H15: Paid | I15: 45285 | J15: 6 | L15: 897 | O15: Net 30 | P15: AP | Q15: =IF(Table4[[#This Row],[DaysLate]]="","NA",IF(Table4[[#This Row],[DaysLate]]<=0,"On Time",IF(Table4[[#This Row],[DaysLate]]<=30,"1-30 Days",IF(Table4[[#This Row],[DaysLate]]<=60,"30-60 Days",IF(Table4[[#This Row],[DaysLate]]<=90,"60-90 Days","90+ Days"))))) -> 1-30 Days | R15: =IF(Table4[[#This Row],[DaysLate]]="","",IF(Table4[[#This Row],[DaysLate]]>0,1,0)) -> 1 | S15: =IF(Table4[[#This Row],[DisputedFlag]]="","",IF(Table4[[#This Row],[DisputedFlag]]="Yes",1,0)) | T15: =IF(Table4[[#This Row],[PaymentStatus]]="Open",1,0) -> 0 | U15: =IF(Table4[[#This Row],[InvoiceDate]]<>"",YEAR(Table4[[#This Row],[InvoiceDate]]),"") -> 2023
A16: AP10014 | B16: Payable | C16: BluePrints | D16: 45417 | E16: 45447 | F16: 1632.82 | G16: GBP | H16: Open | I16: 0 | L16: 818 | O16: Net 30 | P16: AP | Q16: =IF(Table4[[#This Row],[DaysLate]]="","NA",IF(Table4[[#This Row],[DaysLate]]<=0,"On Time",IF(Table4[[#This Row],[DaysLate]]<=30,"1-30 Days",IF(Table4[[#This Row],[DaysLate]]<=60,"30-60 Days",IF(Table4[[#This Row],[DaysLate]]<=90,"60-90 Days","90+ Days"))))) -> NA | R16: =IF(Table4[[#This Row],[DaysLate]]="","",IF(Table4[[#This Row],[DaysLate]]>0,1,0)) | S16: =IF(Table4[[#This Row],[DisputedFlag]]="","",IF(Table4[[#This Row],[DisputedFlag]]="Yes",1,0)) | T16: =IF(Table4[[#This Row],[PaymentStatus]]="Open",1,0) -> 1 | U16: =IF(Table4[[#This Row],[InvoiceDate]]<>"",YEAR(Table4[[#This Row],[InvoiceDate]]),"") -> 2024
A17: AP10015 | B17: Payable | C17: BluePrints | D17: 45081 | E17: 45111 | F17: 1887.67 | G17: EUR | H17: Paid | I17: 45111 | J17: 0 | L17: 770 | O17: Net 30 | P17: AP | Q17: =IF(Table4[[#This Row],[DaysLate]]="","NA",IF(Table4[[#This Row],[DaysLate]]<=0,"On Time",IF(Table4[[#This Row],[DaysLate]]<=30,"1-30 Days",IF(Table4[[#This Row],[DaysLate]]<=60,"30-60 Days",IF(Table4[[#This Row],[DaysLate]]<=90,"60-90 Days","90+ Days"))))) -> On Time | R17: =IF(Table4[[#This Row],[DaysLate]]="","",IF(Table4[[#This Row],[DaysLate]]>0,1,0)) -> 0 | S17: =IF(Table4[[#This Row],[DisputedFlag]]="","",IF(Table4[[#This Row],[DisputedFlag]]="Yes",1,0)) | T17: =IF(Table4[[#This Row],[PaymentStatus]]="Open",1,0) -> 0 | U17: =IF(Table4[[#This Row],[InvoiceDate]]<>"",YEAR(Table4[[#This Row],[InvoiceDate]]),"") -> 2023
A18: AP10016 | B18: Payable | C18: BluePrints | D18: 45270 | E18: 45300 | F18: 1721.41 | G18: GBP | H18: Open | I18: 0 | L18: 406 | O18: Net 30 | P18: AP | Q18: =IF(Table4[[#This Row],[DaysLate]]="","NA",IF(Table4[[#This Row],[DaysLate]]<=0,"On Time",IF(Table4[[#This Row],[DaysLate]]<=30,"1-30 Days",IF(Table4[[#This Row],[DaysLate]]<=60,"30-60 Days",IF(Table4[[#This Row],[DaysLate]]<=90,"60-90 Days","90+ Days"))))) -> NA | R18: =IF(Table4[[#This Row],[DaysLate]]="","",IF(Table4[[#This Row],[DaysLate]]>0,1,0)) | S18: =IF(Table4[[#This Row],[DisputedFlag]]="","",IF(Table4[[#This Row],[DisputedFlag]]="Yes",1,0)) | T18: =IF(Table4[[#This Row],[PaymentStatus]]="Open",1,0) -> 1 | U18: =IF(Table4[[#This Row],[InvoiceDate]]<>"",YEAR(Table4[[#This Row],[InvoiceDate]]),"") -> 2023
A19: AP10017 | B19: Payable | C19: Global Office | D19: 45656 | E19: 45686 | F19: 2941.63 | G19: USD | H19: Open | I19: 0 | L19: 818 | O19: Net 30 | P19: AP | Q19: =IF(Table4[[#This Row],[DaysLate]]="","NA",IF(Table4[[#This Row],[DaysLate]]<=0,"On Time",IF(Table4[[#This Row],[DaysLate]]<=30,"1-30 Days",IF(Table4[[#This Row],[DaysLate]]<=60,"30-60 Days",IF(Table4[[#This Row],[DaysLate]]<=90,"60-90 Days","90+ Days"))))) -> NA | R19: =IF(Table4[[#This Row],[DaysLate]]="","",IF(Table4[[#This Row],[DaysLate]]>0,1,0)) | S19: =IF(Table4[[#This Row],[DisputedFlag]]="","",IF(Table4[[#This Row],[DisputedFlag]]="Yes",1,0)) | T19: =IF(Table4[[#This Row],[PaymentStatus]]="Open",1,0) -> 1 | U19: =IF(Table4[[#This Row],[InvoiceDate]]<>"",YEAR(Table4[[#This Row],[InvoiceDate]]),"") -> 2024
A20: AP10018 | B20: Payable | C20: Fast Travel | D20: 45470 | E20: 45500 | F20: 889.44 | G20: USD | H20: Paid | I20: 45500 | J20: 0 | L20: 391 | O20: Net 30 | P20: AP | Q20: =IF(Table4[[#This Row],[DaysLate]]="","NA",IF(Table4[[#This Row],[DaysLate]]<=0,"On Time",IF(Table4[[#This Row],[DaysLate]]<=30,"1-30 Days",IF(Table4[[#This Row],[DaysLate]]<=60,"30-60 Days",IF(Table4[[#This Row],[DaysLate]]<=90,"60-90 Days","90+ Days"))))) -> On Time | R20: =IF(Table4[[#This Row],[DaysLate]]="","",IF(Table4[[#This Row],[DaysLate]]>0,1,0)) -> 0 | S20: =IF(Table4[[#This Row],[DisputedFlag]]="","",IF(Table4[[#This Row],[DisputedFlag]]="Yes",1,0)) | T20: =IF(Table4[[#This Row],[PaymentStatus]]="Open",1,0) -> 0 | U20: =IF(Table4[[#This Row],[InvoiceDate]]<>"",YEAR(Table4[[#This Row],[InvoiceDate]]),"") -> 2024
A21: AP10019 | B21: Payable | C21: Fast Travel | D21: 45744 | E21: 45774 | F21: 1539.53 | G21: AUD | H21: Partial | I21: 0 | L21: 897 | O21: Net 30 | P21: AP | Q21: =IF(Table4[[#This Row],[DaysLate]]="","NA",IF(Table4[[#This Row],[DaysLate]]<=0,"On Time",IF(Table4[[#This Row],[DaysLate]]<=30,"1-30 Days",IF(Table4[[#This Row],[DaysLate]]<=60,"30-60 Days",IF(Table4[[#This Row],[DaysLate]]<=90,"60-90 Days","90+ Days"))))) -> NA | R21: =IF(Table4[[#This Row],[DaysLate]]="","",IF(Table4[[#This Row],[DaysLate]]>0,1,0)) | S21: =IF(Table4[[#This Row],[DisputedFlag]]="","",IF(Table4[[#This Row],[DisputedFlag]]="Yes",1,0)) | T21: =IF(Table4[[#This Row],[PaymentStatus]]="Open",1,0) -> 0 | U21: =IF(Table4[[#This Row],[InvoiceDate]]<>"",YEAR(Table4[[#This Row],[InvoiceDate]]),"") -> 2025
A22: AP10020 | B22: Payable | C22: TechMart | D22: 45121 | E22: 45151 | F22: 996.27 | G22: AUD | H22: Open | I22: 0 | L22: 818 | O22: Net 30 | P22: AP | Q22: =IF(Table4[[#This Row],[DaysLate]]="","NA",IF(Table4[[#This Row],[DaysLate]]<=0,"On Time",IF(Table4[[#This Row],[DaysLate]]<=30,"1-30 Days",IF(Table4[[#This Row],[DaysLate]]<=60,"30-60 Days",IF(Table4[[#This Row],[DaysLate]]<=90,"60-90 Days","90+ Days"))))) -> NA | R22: =IF(Table4[[#This Row],[DaysLate]]="","",IF(Table4[[#This Row],[DaysLate]]>0,1,0)) | S22: =IF(Table4[[#This Row],[DisputedFlag]]="","",IF(Table4[[#This Row],[DisputedFlag]]="Yes",1,0)) | T22: =IF(Table4[[#This Row],[PaymentStatus]]="Open",1,0) -> 1 | U22: =IF(Table4[[#This Row],[InvoiceDate]]<>"",YEAR(Table4[[#This Row],[InvoiceDate]]),"") -> 2023
A23: AP10021 | B23: Payable | C23: TechMart | D23: 45105 | E23: 45135 | F23: 2450.1 | G23: CAD | H23: Partial | I23: 0 | L23: 391 | O23: Net 30 | P23: AP | Q23: =IF(Table4[[#This Row],[DaysLate]]="","NA",IF(Table4[[#This Row],[DaysLate]]<=0,"On Time",IF(Table4[[#This Row],[DaysLate]]<=30,"1-30 Days",IF(Table4[[#This Row],[DaysLate]]<=60,"30-60 Days",IF(Table4[[#This Row],[DaysLate]]<=90,"60-90 Days","90+ Days"))))) -> NA | R23: =IF(Table4[[#This Row],[DaysLate]]="","",IF(Table4[[#This Row],[DaysLate]]>0,1,0)) | S23: =IF(Table4[[#This Row],[DisputedFlag]]="","",IF(Table4[[#This Row],[DisputedFlag]]="Yes",1,0)) | T23: =IF(Table4[[#This Row],[PaymentStatus]]="Open",1,0) -> 0 | U23: =IF(Table4[[#This Row],[InvoiceDate]]<>"",YEAR(Table4[[#This Row],[InvoiceDate]]),"") -> 2023
A24: AP10022 | B24: Payable | C24: Global Office | D24: 45653 | E24: 45683 | F24: 797.8 | G24: CAD | H24: Open | I24: 0 | L24: 897 | O24: Net 30 | P24: AP | Q24: =IF(Table4[[#This Row],[DaysLate]]="","NA",IF(Table4[[#This Row],[DaysLate]]<=0,"On Time",IF(Table4[[#This Row],[DaysLate]]<=30,"1-30 Days",IF(Table4[[#This Row],[DaysLate]]<=60,"30-60 Days",IF(Table4[[#This Row],[DaysLate]]<=90,"60-90 Days","90+ Days"))))) -> NA | R24: =IF(Table4[[#This Row],[DaysLate]]="","",IF(Table4[[#This Row],[DaysLate]]>0,1,0)) | S24: =IF(Table4[[#This Row],[DisputedFlag]]="","",IF(Table4[[#This Row],[DisputedFlag]]="Yes",1,0)) | T24: =IF(Table4[[#This Row],[PaymentStatus]]="Open",1,0) -> 1 | U24: =IF(Table4[[#This Row],[InvoiceDate]]<>"",YEAR(Table4[[#This Row],[InvoiceDate]]),"") -> 2024
A25: AP10023 | B25: Payable | C25: BluePrints | D25: 45062 | E25: 45092 | F25: 4237.65 | G25: GBP | H25: Partial | I25: 0 | L25: 770 | O25: Net 30 | P25: AP | Q25: =IF(Table4[[#This Row],[DaysLate]]="","NA",IF(Table4[[#This Row],[DaysLate]]<=0,"On Time",IF(Table4[[#This Row],[DaysLate]]<=30,"1-30 Days",IF(Table4[[#This Row],[DaysLate]]<=60,"30-60 Days",IF(Table4[[#This Row],[DaysLate]]<=90,"60-90 Days","90+ Days"))))) -> NA | R25: =IF(Table4[[#This Row],[DaysLate]]="","",IF(Table4[[#This Row],[DaysLate]]>0,1,0)) | S25: =IF(Table4[[#This Row],[DisputedFlag]]="","",IF(Table4[[#This Row],[DisputedFlag]]="Yes",1,0)) | T25: =IF(Table4[[#This Row],[PaymentStatus]]="Open",1,0) -> 0 | U25: =IF(Table4[[#This Row],[InvoiceDate]]<>"",YEAR(Table4[[#This Row],[InvoiceDate]]),"") -> 2023
A26: AP10024 | B26: Payable | C26: Global Office | D26: 45199 | E26: 45229 | F26: 665.06 | G26: AUD | H26: Open | I26: 0 | L26: 406 | O26: Net 30 | P26: AP | Q26: =IF(Table4[[#This Row],[DaysLate]]="","NA",IF(Table4[[#This Row],[DaysLate]]<=0,"On Time",IF(Table4[[#This Row],[DaysLate]]<=30,"1-30 Days",IF(Table4[[#This Row],[DaysLate]]<=60,"30-60 Days",IF(Table4[[#This Row],[DaysLate]]<=90,"60-90 Days","90+ Days"))))) -> NA | R26: =IF(Table4[[#This Row],[DaysLate]]="","",IF(Table4[[#This Row],[DaysLate]]>0,1,0)) | S26: =IF(Table4[[#This Row],[DisputedFlag]]="","",IF(Table4[[#This Row],[DisputedFlag]]="Yes",1,0)) | T26: =IF(Table4[[#This Row],[PaymentStatus]]="Open",1,0) -> 1 | U26: =IF(Table4[[#This Row],[InvoiceDate]]<>"",YEAR(Table4[[#This Row],[InvoiceDate]]),"") -> 2023
A27: AP10025 | B27: Payable | C27: Global Office | D27: 45640 | E27: 45670 | F27: 3849.16 | G27: GBP | H27: Partial | I27: 0 | L27: 770 | O27: Net 30 | P27: AP | Q27: =IF(Table4[[#This Row],[DaysLate]]="","NA",IF(Table4[[#This Row],[DaysLate]]<=0,"On Time",IF(Table4[[#This Row],[DaysLate]]<=30,"1-30 Days",IF(Table4[[#This Row],[DaysLate]]<=60,"30-60 Days",IF(Table4[[#This Row],[DaysLate]]<=90,"60-90 Days","90+ Days"))))) -> NA | R27: =IF(Table4[[#This Row],[DaysLate]]="","",IF(Table4[[#This Row],[DaysLate]]>0,1,0)) | S27: =IF(Table4[[#This Row],[DisputedFlag]]="","",IF(Table4[[#This Row],[DisputedFlag]]="Yes",1,0)) | T27: =IF(Table4[[#This Row],[PaymentStatus]]="Open",1,0) -> 0 | U27: =IF(Table4[[#This Row],[InvoiceDate]]<>"",YEAR(Table4[[#This Row],[InvoiceDate]]),"") -> 2024
A28: AP10026 | B28: Payable | C28: BluePrints | D28: 45124 | E28: 45154 | F28: 4411.88 | G28: CAD | H28: Paid | I28: 45154 | J28: 0 | L28: 818 | O28: Net 30 | P28: AP | Q28: =IF(Table4[[#This Row],[DaysLate]]="","NA",IF(Table4[[#This Row],[DaysLate]]<=0,"On Time",IF(Table4[[#This Row],[DaysLate]]<=30,"1-30 Days",IF(Table4[[#This Row],[DaysLate]]<=60,"30-60 Days",IF(Table4[[#This Row],[DaysLate]]<=90,"60-90 Days","90+ Days"))))) -> On Time | R28: =IF(Table4[[#This Row],[DaysLate]]="","",IF(Table4[[#This Row],[DaysLate]]>0,1,0)) -> 0 | S28: =IF(Table4[[#This Row],[DisputedFlag]]="","",IF(Table4[[#This Row],[DisputedFlag]]="Yes",1,0)) | T28: =IF(Table4[[#This Row],[PaymentStatus]]="Open",1,0) -> 0 | U28: =IF(Table4[[#This Row],[InvoiceDate]]<>"",YEAR(Table4[[#This Row],[InvoiceDate]]),"") -> 2023
A29: AP10027 | B29: Payable | C29: Fast Travel | D29: 45376 | E29: 45406 | F29: 296.65 | G29: USD | H29: Paid | I29: 45411 | J29: 5 | L29: 406 | O29: Net 30 | P29: AP | Q29: =IF(Table4[[#This Row],[DaysLate]]="","NA",IF(Table4[[#This Row],[DaysLate]]<=0,"On Time",IF(Table4[[#This Row],[DaysLate]]<=30,"1-30 Days",IF(Table4[[#This Row],[DaysLate]]<=60,"30-60 Days",IF(Table4[[#This Row],[DaysLate]]<=90,"60-90 Days","90+ Days"))))) -> 1-30 Days | R29: =IF(Table4[[#This Row],[DaysLate]]="","",IF(Table4[[#This Row],[DaysLate]]>0,1,0)) -> 1 | S29: =IF(Table4[[#This Row],[DisputedFlag]]="","",IF(Table4[[#This Row],[DisputedFlag]]="Yes",1,0)) | T29: =IF(Table4[[#This Row],[PaymentStatus]]="Open",1,0) -> 0 | U29: =IF(Table4[[#This Row],[InvoiceDate]]<>"",YEAR(Table4[[#This Row],[InvoiceDate]]),"") -> 2024
A30: AP10028 | B30: Payable | C30: TechMart | D30: 45593 | E30: 45623 | F30: 3099.8 | G30: GBP | H30: Open | I30: 0 | L30: 391 | O30: Net 30 | P30: AP | Q30: =IF(Table4[[#This Row],[DaysLate]]="","NA",IF(Table4[[#This Row],[DaysLate]]<=0,"On Time",IF(Table4[[#This Row],[DaysLate]]<=30,"1-30 Days",IF(Table4[[#This Row],[DaysLate]]<=60,"30-60 Days",IF(Table4[[#This Row],[DaysLate]]<=90,"60-90 Days","90+ Days"))))) -> NA | R30: =IF(Table4[[#This Row],[DaysLate]]="","",IF(Table4[[#This Row],[DaysLate]]>0,1,0)) | S30: =IF(Table4[[#This Row],[DisputedFlag]]="","",IF(Table4[[#This Row],[DisputedFlag]]="Yes",1,0)) | T30: =IF(Table4[[#This Row],[PaymentStatus]]="Open",1,0) -> 1 | U30: =IF(Table4[[#This Row],[InvoiceDate]]<>"",YEAR(Table4[[#This Row],[InvoiceDate]]),"") -> 2024
A31: AP10029 | B31: Payable | C31: Global Office | D31: 44991 | E31: 45021 | F31: 4007.29 | G31: CAD | H31: Open | I31: 0 | L31: 897 | O31: Net 30 | P31: AP | Q31: =IF(Table4[[#This Row],[DaysLate]]="","NA",IF(Table4[[#This Row],[DaysLate]]<=0,"On Time",IF(Table4[[#This Row],[DaysLate]]<=30,"1-30 Days",IF(Table4[[#This Row],[DaysLate]]<=60,"30-60 Days",IF(Table4[[#This Row],[DaysLate]]<=90,"60-90 Days","90+ Days"))))) -> NA | R31: =IF(Table4[[#This Row],[DaysLate]]="","",IF(Table4[[#This Row],[DaysLate]]>0,1,0)) | S31: =IF(Table4[[#This Row],[DisputedFlag]]="","",IF(Table4[[#This Row],[DisputedFlag]]="Yes",1,0)) | T31: =IF(Table4[[#This Row],[PaymentStatus]]="Open",1,0) -> 1 | U31: =IF(Table4[[#This Row],[InvoiceDate]]<>"",YEAR(Table4[[#This Row],[InvoiceDate]]),"") -> 2023
A32: AP10030 | B32: Payable | C32: Fast Travel | D32: 45335 | E32: 45365 | F32: 2884.32 | G32: CAD | H32: Partial | I32: 0 | L32: 897 | O32: Net 30 | P32: AP | Q32: =IF(Table4[[#This Row],[DaysLate]]="","NA",IF(Table4[[#This Row],[DaysLate]]<=0,"On Time",IF(Table4[[#This Row],[DaysLate]]<=30,"1-30 Days",IF(Table4[[#This Row],[DaysLate]]<=60,"30-60 Days",IF(Table4[[#This Row],[DaysLate]]<=90,"60-90 Days","90+ Days"))))) -> NA | R32: =IF(Table4[[#This Row],[DaysLate]]="","",IF(Table4[[#This Row],[DaysLate]]>0,1,0)) | S32: =IF(Table4[[#This Row],[DisputedFlag]]="","",IF(Table4[[#This Row],[DisputedFlag]]="Yes",1,0)) | T32: =IF(Table4[[#This Row],[PaymentStatus]]="Open",1,0) -> 0 | U32: =IF(Table4[[#This Row],[InvoiceDate]]<>"",YEAR(Table4[[#This Row],[InvoiceDate]]),"") -> 2024
A33: AP10031 | B33: Payable | C33: Fast Travel | D33: 45000 | E33: 45030 | F33: 4830.24 | G33: EUR | H33: Paid | I33: 45030 | J33: 0 | L33: 818 | O33: Net 30 | P33: AP | Q33: =IF(Table4[[#This Row],[DaysLate]]="","NA",IF(Table4[[#This Row],[DaysLate]]<=0,"On Time",IF(Table4[[#This Row],[DaysLate]]<=30,"1-30 Days",IF(Table4[[#This Row],[DaysLate]]<=60,"30-60 Days",IF(Table4[[#This Row],[DaysLate]]<=90,"60-90 Days","90+ Days"))))) -> On Time | R33: =IF(Table4[[#This Row],[DaysLate]]="","",IF(Table4[[#This Row],[DaysLate]]>0,1,0)) -> 0 | S33: =IF(Table4[[#This Row],[DisputedFlag]]="","",IF(Table4[[#This Row],[DisputedFlag]]="Yes",1,0)) | T33: =IF(Table4[[#This Row],[PaymentStatus]]="Open",1,0) -> 0 | U33: =IF(Table4[[#This Row],[InvoiceDate]]<>"",YEAR(Table4[[#This Row],[InvoiceDate]]),"") -> 2023
A34: AP10032 | B34: Payable | C34: Global Office | D34: 45210 | E34: 45240 | F34: 4841.22 | G34: USD | H34: Paid | I34: 45240 | J34: 0 | L34: 406 | O34: Net 30 | P34: AP | Q34: =IF(Table4[[#This Row],[DaysLate]]="","NA",IF(Table4[[#This Row],[DaysLate]]<=0,"On Time",IF(Table4[[#This Row],[DaysLate]]<=30,"1-30 Days",IF(Table4[[#This Row],[DaysLate]]<=60,"30-60 Days",IF(Table4[[#This Row],[DaysLate]]<=90,"60-90 Days","90+ Days"))))) -> On Time | R34: =IF(Table4[[#This Row],[DaysLate]]="","",IF(Table4[[#This Row],[DaysLate]]>0,1,0)) -> 0 | S34: =IF(Table4[[#This Row],[DisputedFlag]]="","",IF(Table4[[#This Row],[DisputedFlag]]="Yes",1,0)) | T34: =IF(Table4[[#This Row],[PaymentStatus]]="Open",1,0) -> 0 | U34: =IF(Table4[[#This Row],[InvoiceDate]]<>"",YEAR(Table4[[#This Row],[InvoiceDate]]),"") -> 2023
A35: AP10033 | B35: Payable | C35: ABC Supplies | D35: 45598 | E35: 45628 | F35: 3601.17 | G35: AUD | H35: Open | I35: 0 | L35: 391 | O35: Net 30 | P35: AP | Q35: =IF(Table4[[#This Row],[DaysLate]]="","NA",IF(Table4[[#This Row],[DaysLate]]<=0,"On Time",IF(Table4[[#This Row],[DaysLate]]<=30,"1-30 Days",IF(Table4[[#This Row],[DaysLate]]<=60,"30-60 Days",IF(Table4[[#This Row],[DaysLate]]<=90,"60-90 Days","90+ Days"))))) -> NA | R35: =IF(Table4[[#This Row],[DaysLate]]="","",IF(Table4[[#This Row],[DaysLate]]>0,1,0)) | S35: =IF(Table4[[#This Row],[DisputedFlag]]="","",IF(Table4[[#This Row],[DisputedFlag]]="Yes",1,0)) | T35: =IF(Table4[[#This Row],[PaymentStatus]]="Open",1,0) -> 1 | U35: =IF(Table4[[#This Row],[InvoiceDate]]<>"",YEAR(Table4[[#This Row],[InvoiceDate]]),"") -> 2024
A36: AP10034 | B36: Payable | C36: Fast Travel | D36: 45668 | E36: 45698 | F36: 3913.65 | G36: GBP | H36: Paid | I36: 45698 | J36: 0 | L36: 770 | O36: Net 30 | P36: AP | Q36: =IF(Table4[[#This Row],[DaysLate]]="","NA",IF(Table4[[#This Row],[DaysLate]]<=0,"On Time",IF(Table4[[#This Row],[DaysLate]]<=30,"1-30 Days",IF(Table4[[#This Row],[DaysLate]]<=60,"30-60 Days",IF(Table4[[#This Row],[DaysLate]]<=90,"60-90 Days","90+ Days"))))) -> On Time | R36: =IF(Table4[[#This Row],[DaysLate]]="","",IF(Table4[[#This Row],[DaysLate]]>0,1,0)) -> 0 | S36: =IF(Table4[[#This Row],[DisputedFlag]]="","",IF(Table4[[#This Row],[DisputedFlag]]="Yes",1,0)) | T36: =IF(Table4[[#This Row],[PaymentStatus]]="Open",1,0) -> 0 | U36: =IF(Table4[[#This Row],[InvoiceDate]]<>"",YEAR(Table4[[#This Row],[InvoiceDate]]),"") -> 2025
A37: AP10035 | B37: Payable | C37: ABC Supplies | D37: 45025 | E37: 45055 | F37: 1117.52 | G37: CAD | H37: Open | I37: 0 | L37: 770 | O37: Net 30 | P37: AP | Q37: =IF(Table4[[#This Row],[DaysLate]]="","NA",IF(Table4[[#This Row],[DaysLate]]<=0,"On Time",IF(Table4[[#This Row],[DaysLate]]<=30,"1-30 Days",IF(Table4[[#This Row],[DaysLate]]<=60,"30-60 Days",IF(Table4[[#This Row],[DaysLate]]<=90,"60-90 Days","90+ Days"))))) -> NA | R37: =IF(Table4[[#This Row],[DaysLate]]="","",IF(Table4[[#This Row],[DaysLate]]>0,1,0)) | S37: =IF(Table4[[#This Row],[DisputedFlag]]="","",IF(Table4[[#This Row],[DisputedFlag]]="Yes",1,0)) | T37: =IF(Table4[[#This Row],[PaymentStatus]]="Open",1,0) -> 1 | U37: =IF(Table4[[#This Row],[InvoiceDate]]<>"",YEAR(Table4[[#This Row],[InvoiceDate]]),"") -> 2023
A38: AP10036 | B38: Payable | C38: BluePrints | D38: 45128 | E38: 45158 | F38: 4178.2 | G38: CAD | H38: Partial | I38: 0 | L38: 391 | O38: Net 30 | P38: AP | Q38: =IF(Table4[[#This Row],[DaysLate]]="","NA",IF(Table4[[#This Row],[DaysLate]]<=0,"On Time",IF(Table4[[#This Row],[DaysLate]]<=30,"1-30 Days",IF(Table4[[#This Row],[DaysLate]]<=60,"30-60 Days",IF(Table4[[#This Row],[DaysLate]]<=90,"60-90 Days","90+ Days"))))) -> NA | R38: =IF(Table4[[#This Row],[DaysLate]]="","",IF(Table4[[#This Row],[DaysLate]]>0,1,0)) | S38: =IF(Table4[[#This Row],[DisputedFlag]]="","",IF(Table4[[#This Row],[DisputedFlag]]="Yes",1,0)) | T38: =IF(Table4[[#This Row],[PaymentStatus]]="Open",1,0) -> 0 | U38: =IF(Table4[[#This Row],[InvoiceDate]]<>"",YEAR(Table4[[#This Row],[InvoiceDate]]),"") -> 2023
A39: AP10037 | B39: Payable | C39: Global Office | D39: 45504 | E39: 45534 | F39: 504.02 | G39: USD | H39: Partial | I39: 0 | L39: 406 | O39: Net 30 | P39: AP | Q39: =IF(Table4[[#This Row],[DaysLate]]="","NA",IF(Table4[[#This Row],[DaysLate]]<=0,"On Time",IF(Table4[[#This Row],[DaysLate]]<=30,"1-30 Days",IF(Table4[[#This Row],[DaysLate]]<=60,"30-60 Days",IF(Table4[[#This Row],[DaysLate]]<=90,"60-90 Days","90+ Days"))))) -> NA | R39: =IF(Table4[[#This Row],[DaysLate]]="","",IF(Table4[[#This Row],[DaysLate]]>0,1,0)) | S39: =IF(Table4[[#This Row],[DisputedFlag]]="","",IF(Table4[[#This Row],[DisputedFlag]]="Yes",1,0)) | T39: =IF(Table4[[#This Row],[PaymentStatus]]="Open",1,0) -> 0 | U39: =IF(Table4[[#This Row],[InvoiceDate]]<>"",YEAR(Table4[[#This Row],[InvoiceDate]]),"") -> 2024
A40: AP10038 | B40: Payable | C40: BluePrints | D40: 44934 | E40: 44964 | F40: 3156.05 | G40: GBP | H40: Open | I40: 0 | L40: 818 | O40: Net 30 | P40: AP | Q40: =IF(Table4[[#This Row],[DaysLate]]="","NA",IF(Table4[[#This Row],[DaysLate]]<=0,"On Time",IF(Table4[[#This Row],[DaysLate]]<=30,"1-30 Days",IF(Table4[[#This Row],[DaysLate]]<=60,"30-60 Days",IF(Table4[[#This Row],[DaysLate]]<=90,"60-90 Days","90+ Days"))))) -> NA | R40: =IF(Table4[[#This Row],[DaysLate]]="","",IF(Table4[[#This Row],[DaysLate]]>0,1,0)) | S40: =IF(Table4[[#This Row],[DisputedFlag]]="","",IF(Table4[[#This Row],[DisputedFlag]]="Yes",1,0)) | T40: =IF(Table4[[#This Row],[PaymentStatus]]="Open",1,0) -> 1 | U40: =IF(Table4[[#This Row],[InvoiceDate]]<>"",YEAR(Table4[[#This Row],[InvoiceDate]]),"") -> 2023
A41: AP10039 | B41: Payable | C41: Global Office | D41: 45108 | E41: 45138 | F41: 3284.77 | G41: EUR | H41: Partial | I41: 0 | L41: 897 | O41: Net 30 | P41: AP | Q41: =IF(Table4[[#This Row],[DaysLate]]="","NA",IF(Table4[[#This Row],[DaysLate]]<=0,"On Time",IF(Table4[[#This Row],[DaysLate]]<=30,"1-30 Days",IF(Table4[[#This Row],[DaysLate]]<=60,"30-60 Days",IF(Table4[[#This Row],[DaysLate]]<=90,"60-90 Days","90+ Days"))))) -> NA | R41: =IF(Table4[[#This Row],[DaysLate]]="","",IF(Table4[[#This Row],[DaysLate]]>0,1,0)) | S41: =IF(Table4[[#This Row],[DisputedFlag]]="","",IF(Table4[[#This Row],[DisputedFlag]]="Yes",1,0)) | T41: =IF(Table4[[#This Row],[PaymentStatus]]="Open",1,0) -> 0 | U41: =IF(Table4[[#This Row],[InvoiceDate]]<>"",YEAR(Table4[[#This Row],[InvoiceDate]]),"") -> 2023
A42: AP10040 | B42: Payable | C42: Global Office | D42: 45801 | E42: 45831 | F42: 4519.76 | G42: USD | H42: Open | I42: 0 | L42: 818 | O42: Net 30 | P42: AP | Q42: =IF(Table4[[#This Row],[DaysLate]]="","NA",IF(Table4[[#This Row],[DaysLate]]<=0,"On Time",IF(Table4[[#This Row],[DaysLate]]<=30,"1-30 Days",IF(Table4[[#This Row],[DaysLate]]<=60,"30-60 Days",IF(Table4[[#This Row],[DaysLate]]<=90,"60-90 Days","90+ Days"))))) -> NA | R42: =IF(Table4[[#This Row],[DaysLate]]="","",IF(Table4[[#This Row],[DaysLate]]>0,1,0)) | S42: =IF(Table4[[#This Row],[DisputedFlag]]="","",IF(Table4[[#This Row],[DisputedFlag]]="Yes",1,0)) | T42: =IF(Table4[[#This Row],[PaymentStatus]]="Open",1,0) -> 1 | U42: =IF(Table4[[#This Row],[InvoiceDate]]<>"",YEAR(Table4[[#This Row],[InvoiceDate]]),"") -> 2025
A43: AP10041 | B43: Payable | C43: BluePrints | D43: 45313 | E43: 45343 | F43: 4094.28 | G43: EUR | H43: Partial | I43: 0 | L43: 897 | O43: Net 30 | P43: AP | Q43: =IF(Table4[[#This Row],[DaysLate]]="","NA",IF(Table4[[#This Row],[DaysLate]]<=0,"On Time",IF(Table4[[#This Row],[DaysLate]]<=30,"1-30 Days",IF(Table4[[#This Row],[DaysLate]]<=60,"30-60 Days",IF(Table4[[#This Row],[DaysLate]]<=90,"60-90 Days","90+ Days"))))) -> NA | R43: =IF(Table4[[#This Row],[DaysLate]]="","",IF(Table4[[#This Row],[DaysLate]]>0,1,0)) | S43: =IF(Table4[[#This Row],[DisputedFlag]]="","",IF(Table4[[#This Row],[DisputedFlag]]="Yes",1,0)) | T43: =IF(Table4[[#This Row],[PaymentStatus]]="Open",1,0) -> 0 | U43: =IF(Table4[[#This Row],[InvoiceDate]]<>"",YEAR(Table4[[#This Row],[InvoiceDate]]),"") -> 2024
A44: AP10042 | B44: Payable | C44: BluePrints | D44: 44967 | E44: 44997 | F44: 3097.79 | G44: EUR | H44: Paid | I44: 45005 | J44: 8 | L44: 770 | O44: Net 30 | P44: AP | Q44: =IF(Table4[[#This Row],[DaysLate]]="","NA",IF(Table4[[#This Row],[DaysLate]]<=0,"On Time",IF(Table4[[#This Row],[DaysLate]]<=30,"1-30 Days",IF(Table4[[#This Row],[DaysLate]]<=60,"30-60 Days",IF(Table4[[#This Row],[DaysLate]]<=90,"60-90 Days","90+ Days"))))) -> 1-30 Days | R44: =IF(Table4[[#This Row],[DaysLate]]="","",IF(Table4[[#This Row],[DaysLate]]>0,1,0)) -> 1 | S44: =IF(Table4[[#This Row],[DisputedFlag]]="","",IF(Table4[[#This Row],[DisputedFlag]]="Yes",1,0)) | T44: =IF(Table4[[#This Row],[PaymentStatus]]="Open",1,0) -> 0 | U44: =IF(Table4[[#This Row],[InvoiceDate]]<>"",YEAR(Table4[[#This Row],[InvoiceDate]]),"") -> 2023
A45: AP10043 | B45: Payable | C45: Fast Travel | D45: 45809 | E45: 45839 | F45: 1415.24 | G45: AUD | H45: Partial | I45: 0 | L45: 391 | O45: Net 30 | P45: AP | Q45: =IF(Table4[[#This Row],[DaysLate]]="","NA",IF(Table4[[#This Row],[DaysLate]]<=0,"On Time",IF(Table4[[#This Row],[DaysLate]]<=30,"1-30 Days",IF(Table4[[#This Row],[DaysLate]]<=60,"30-60 Days",IF(Table4[[#This Row],[DaysLate]]<=90,"60-90 Days","90+ Days"))))) -> NA | R45: =IF(Table4[[#This Row],[DaysLate]]="","",IF(Table4[[#This Row],[DaysLate]]>0,1,0)) | S45: =IF(Table4[[#This Row],[DisputedFlag]]="","",IF(Table4[[#This Row],[DisputedFlag]]="Yes",1,0)) | T45: =IF(Table4[[#This Row],[PaymentStatus]]="Open",1,0) -> 0 | U45: =IF(Table4[[#This Row],[InvoiceDate]]<>"",YEAR(Table4[[#This Row],[InvoiceDate]]),"") -> 2025
A46: AP10044 | B46: Payable | C46: BluePrints | D46: 45102 | E46: 45132 | F46: 3224.33 | G46: GBP | H46: Partial | I46: 0 | L46: 406 | O46: Net 30 | P46: AP | Q46: =IF(Table4[[#This Row],[DaysLate]]="","NA",IF(Table4[[#This Row],[DaysLate]]<=0,"On Time",IF(Table4[[#This Row],[DaysLate]]<=30,"1-30 Days",IF(Table4[[#This Row],[DaysLate]]<=60,"30-60 Days",IF(Table4[[#This Row],[DaysLate]]<=90,"60-90 Days","90+ Days"))))) -> NA | R46: =IF(Table4[[#This Row],[DaysLate]]="","",IF(Table4[[#This Row],[DaysLate]]>0,1,0)) | S46: =IF(Table4[[#This Row],[DisputedFlag]]="","",IF(Table4[[#This Row],[DisputedFlag]]="Yes",1,0)) | T46: =IF(Table4[[#This Row],[PaymentStatus]]="Open",1,0) -> 0 | U46: =IF(Table4[[#This Row],[InvoiceDate]]<>"",YEAR(Table4[[#This Row],[InvoiceDate]]),"") -> 2023
A47: AP10045 | B47: Payable | C47: TechMart | D47: 45103 | E47: 45133 | F47: 1164.49 | G47: USD | H47: Partial | I47: 0 | L47: 406 | O47: Net 30 | P47: AP | Q47: =IF(Table4[[#This Row],[DaysLate]]="","NA",IF(Table4[[#This Row],[DaysLate]]<=0,"On Time",IF(Table4[[#This Row],[DaysLate]]<=30,"1-30 Days",IF(Table4[[#This Row],[DaysLate]]<=60,"30-60 Days",IF(Table4[[#This Row],[DaysLate]]<=90,"60-90 Days","90+ Days"))))) -> NA | R47: =IF(Table4[[#This Row],[DaysLate]]="","",IF(Table4[[#This Row],[DaysLate]]>0,1,0)) | S47: =IF(Table4[[#This Row],[DisputedFlag]]="","",IF(Table4[[#This Row],[DisputedFlag]]="Yes",1,0)) | T47: =IF(Table4[[#This Row],[PaymentStatus]]="Open",1,0) -> 0 | U47: =IF(Table4[[#This Row],[InvoiceDate]]<>"",YEAR(Table4[[#This Row],[InvoiceDate]]),"") -> 2023
A48: AP10046 | B48: Payable | C48: TechMart | D48: 45668 | E48: 45698 | F48: 2557.61 | G48: USD | H48: Paid | I48: 45698 | J48: 0 | L48: 770 | O48: Net 30 | P48: AP | Q48: =IF(Table4[[#This Row],[DaysLate]]="","NA",IF(Table4[[#This Row],[DaysLate]]<=0,"On Time",IF(Table4[[#This Row],[DaysLate]]<=30,"1-30 Days",IF(Table4[[#This Row],[DaysLate]]<=60,"30-60 Days",IF(Table4[[#This Row],[DaysLate]]<=90,"60-90 Days","90+ Days"))))) -> On Time | R48: =IF(Table4[[#This Row],[DaysLate]]="","",IF(Table4[[#This Row],[DaysLate]]>0,1,0)) -> 0 | S48: =IF(Table4[[#This Row],[DisputedFlag]]="","",IF(Table4[[#This Row],[DisputedFlag]]="Yes",1,0)) | T48: =IF(Table4[[#This Row],[PaymentStatus]]="Open",1,0) -> 0 | U48: =IF(Table4[[#This Row],[InvoiceDate]]<>"",YEAR(Table4[[#This Row],[InvoiceDate]]),"") -> 2025
A49: AP10047 | B49: Payable | C49: BluePrints | D49: 45682 | E49: 45712 | F49: 393.4 | G49: GBP | H49: Open | I49: 0 | L49: 897 | O49: Net 30 | P49: AP | Q49: =IF(Table4[[#This Row],[DaysLate]]="","NA",IF(Table4[[#This Row],[DaysLate]]<=0,"On Time",IF(Table4[[#This Row],[DaysLate]]<=30,"1-30 Days",IF(Table4[[#This Row],[DaysLate]]<=60,"30-60 Days",IF(Table4[[#This Row],[DaysLate]]<=90,"60-90 Days","90+ Days"))))) -> NA | R49: =IF(Table4[[#This Row],[DaysLate]]="","",IF(Table4[[#This Row],[DaysLate]]>0,1,0)) | S49: =IF(Table4[[#This Row],[DisputedFlag]]="","",IF(Table4[[#This Row],[DisputedFlag]]="Yes",1,0)) | T49: =IF(Table4[[#This Row],[PaymentStatus]]="Open",1,0) -> 1 | U49: =IF(Table4[[#This Row],[InvoiceDate]]<>"",YEAR(Table4[[#This Row],[InvoiceDate]]),"") -> 2025
A50: AP10048 | B50: Payable | C50: Global Office | D50: 45733 | E50: 45763 | F50: 2307.05 | G50: CAD | H50: Paid | I50: 45763 | J50: 0 | L50: 391 | O50: Net 30 | P50: AP | Q50: =IF(Table4[[#This Row],[DaysLate]]="","NA",IF(Table4[[#This Row],[DaysLate]]<=0,"On Time",IF(Table4[[#This Row],[DaysLate]]<=30,"1-30 Days",IF(Table4[[#This Row],[DaysLate]]<=60,"30-60 Days",IF(Table4[[#This Row],[DaysLate]]<=90,"60-90 Days","90+ Days"))))) -> On Time | R50: =IF(Table4[[#This Row],[DaysLate]]="","",IF(Table4[[#This Row],[DaysLate]]>0,1,0)) -> 0 | S50: =IF(Table4[[#This Row],[DisputedFlag]]="","",IF(Table4[[#This Row],[DisputedFlag]]="Yes",1,0)) | T50: =IF(Table4[[#This Row],[PaymentStatus]]="Open",1,0) -> 0 | U50: =IF(Table4[[#This Row],[InvoiceDate]]<>"",YEAR(Table4[[#This Row],[InvoiceDate]]),"") -> 2025
A51: AP10049 | B51: Payable | C51: BluePrints | D51: 45197 | E51: 45227 | F51: 728.35 | G51: GBP | H51: Paid | I51: 45240 | J51: 13 | L51: 818 | O51: Net 30 | P51: AP | Q51: =IF(Table4[[#This Row],[DaysLate]]="","NA",IF(Table4[[#This Row],[DaysLate]]<=0,"On Time",IF(Table4[[#This Row],[DaysLate]]<=30,"1-30 Days",IF(Table4[[#This Row],[DaysLate]]<=60,"30-60 Days",IF(Table4[[#This Row],[DaysLate]]<=90,"60-90 Days","90+ Days"))))) -> 1-30 Days | R51: =IF(Table4[[#This Row],[DaysLate]]="","",IF(Table4[[#This Row],[DaysLate]]>0,1,0)) -> 1 | S51: =IF(Table4[[#This Row],[DisputedFlag]]="","",IF(Table4[[#This Row],[DisputedFlag]]="Yes",1,0)) | T51: =IF(Table4[[#This Row],[PaymentStatus]]="Open",1,0) -> 0 | U51: =IF(Table4[[#This Row],[InvoiceDate]]<>"",YEAR(Table4[[#This Row],[InvoiceDate]]),"") -> 2023
A52: AP10050 | B52: Payable | C52: Fast Travel | D52: 45801 | E52: 45831 | F52: 3580.44 | G52: GBP | H52: Open | I52: 0 | L52: 391 | O52: Net 30 | P52: AP | Q52: =IF(Table4[[#This Row],[DaysLate]]="","NA",IF(Table4[[#This Row],[DaysLate]]<=0,"On Time",IF(Table4[[#This Row],[DaysLate]]<=30,"1-30 Days",IF(Table4[[#This Row],[DaysLate]]<=60,"30-60 Days",IF(Table4[[#This Row],[DaysLate]]<=90,"60-90 Days","90+ Days"))))) -> NA | R52: =IF(Table4[[#This Row],[DaysLate]]="","",IF(Table4[[#This Row],[DaysLate]]>0,1,0)) | S52: =IF(Table4[[#This Row],[DisputedFlag]]="","",IF(Table4[[#This Row],[DisputedFlag]]="Yes",1,0)) | T52: =IF(Table4[[#This Row],[PaymentStatus]]="Open",1,0) -> 1 | U52: =IF(Table4[[#This Row],[InvoiceDate]]<>"",YEAR(Table4[[#This Row],[InvoiceDate]]),"") -> 2025
A53: AP10051 | B53: Payable | C53: BluePrints | D53: 45382 | E53: 45412 | F53: 1527.67 | G53: AUD | H53: Paid | I53: 45412 | J53: 0 | L53: 770 | O53: Net 30 | P53: AP | Q53: =IF(Table4[[#This Row],[DaysLate]]="","NA",IF(Table4[[#This Row],[DaysLate]]<=0,"On Time",IF(Table4[[#This Row],[DaysLate]]<=30,"1-30 Days",IF(Table4[[#This Row],[DaysLate]]<=60,"30-60 Days",IF(Table4[[#This Row],[DaysLate]]<=90,"60-90 Days","90+ Days"))))) -> On Time | R53: =IF(Table4[[#This Row],[DaysLate]]="","",IF(Table4[[#This Row],[DaysLate]]>0,1,0)) -> 0 | S53: =IF(Table4[[#This Row],[DisputedFlag]]="","",IF(Table4[[#This Row],[DisputedFlag]]="Yes",1,0)) | T53: =IF(Table4[[#This Row],[PaymentStatus]]="Open",1,0) -> 0 | U53: =IF(Table4[[#This Row],[InvoiceDate]]<>"",YEAR(Table4[[#This Row],[InvoiceDate]]),"") -> 2024
A54: AP10052 | B54: Payable | C54: BluePrints | D54: 45039 | E54: 45069 | F54: 3014.35 | G54: CAD | H54: Paid | I54: 45069 | J54: 0 | L54: 818 | O54: Net 30 | P54: AP | Q54: =IF(Table4[[#This Row],[DaysLate]]="","NA",IF(Table4[[#This Row],[DaysLate]]<=0,"On Time",IF(Table4[[#This Row],[DaysLate]]<=30,"1-30 Days",IF(Table4[[#This Row],[DaysLate]]<=60,"30-60 Days",IF(Table4[[#This Row],[DaysLate]]<=90,"60-90 Days","90+ Days"))))) -> On Time | R54: =IF(Table4[[#This Row],[DaysLate]]="","",IF(Table4[[#This Row],[DaysLate]]>0,1,0)) -> 0 | S54: =IF(Table4[[#This Row],[DisputedFlag]]="","",IF(Table4[[#This Row],[DisputedFlag]]="Yes",1,0)) | T54: =IF(Table4[[#This Row],[PaymentStatus]]="Open",1,0) -> 0 | U54: =IF(Table4[[#This Row],[InvoiceDate]]<>"",YEAR(Table4[[#This Row],[InvoiceDate]]),"") -> 2023
A55: AP10053 | B55: Payable | C55: ABC Supplies | D55: 45162 | E55: 45192 | F55: 3099.88 | G55: CAD | H55: Partial | I55: 0 | L55: 406 | O55: Net 30 | P55: AP | Q55: =IF(Table4[[#This Row],[DaysLate]]="","NA",IF(Table4[[#This Row],[DaysLate]]<=0,"On Time",IF(Table4[[#This Row],[DaysLate]]<=30,"1-30 Days",IF(Table4[[#This Row],[DaysLate]]<=60,"30-60 Days",IF(Table4[[#This Row],[DaysLate]]<=90,"60-90 Days","90+ Days"))))) -> NA | R55: =IF(Table4[[#This Row],[DaysLate]]="","",IF(Table4[[#This Row],[DaysLate]]>0,1,0)) | S55: =IF(Table4[[#This Row],[DisputedFlag]]="","",IF(Table4[[#This Row],[DisputedFlag]]="Yes",1,0)) | T55: =IF(Table4[[#This Row],[PaymentStatus]]="Open",1,0) -> 0 | U55: =IF(Table4[[#This Row],[InvoiceDate]]<>"",YEAR(Table4[[#This Row],[InvoiceDate]]),"") -> 2023
A56: AP10054 | B56: Payable | C56: BluePrints | D56: 45055 | E56: 45085 | F56: 1484.54 | G56: AUD | H56: Partial | I56: 0 | L56: 897 | O56: Net 30 | P56: AP | Q56: =IF(Table4[[#This Row],[DaysLate]]="","NA",IF(Table4[[#This Row],[DaysLate]]<=0,"On Time",IF(Table4[[#This Row],[DaysLate]]<=30,"1-30 Days",IF(Table4[[#This Row],[DaysLate]]<=60,"30-60 Days",IF(Table4[[#This Row],[DaysLate]]<=90,"60-90 Days","90+ Days"))))) -> NA | R56: =IF(Table4[[#This Row],[DaysLate]]="","",IF(Table4[[#This Row],[DaysLate]]>0,1,0)) | S56: =IF(Table4[[#This Row],[DisputedFlag]]="","",IF(Table4[[#This Row],[DisputedFlag]]="Yes",1,0)) | T56: =IF(Table4[[#This Row],[PaymentStatus]]="Open",1,0) -> 0 | U56: =IF(Table4[[#This Row],[InvoiceDate]]<>"",YEAR(Table4[[#This Row],[InvoiceDate]]),"") -> 2023
A57: AP10055 | B57: Payable | C57: TechMart | D57: 45279 | E57: 45309 | F57: 2922.4 | G57: AUD | H57: Partial | I57: 0 | L57: 406 | O57: Net 30 | P57: AP | Q57: =IF(Table4[[#This Row],[DaysLate]]="","NA",IF(Table4[[#This Row],[DaysLate]]<=0,"On Time",IF(Table4[[#This Row],[DaysLate]]<=30,"1-30 Days",IF(Table4[[#This Row],[DaysLate]]<=60,"30-60 Days",IF(Table4[[#This Row],[DaysLate]]<=90,"60-90 Days","90+ Days"))))) -> NA | R57: =IF(Table4[[#This Row],[DaysLate]]="","",IF(Table4[[#This Row],[DaysLate]]>0,1,0)) | S57: =IF(Table4[[#This Row],[DisputedFlag]]="","",IF(Table4[[#This Row],[DisputedFlag]]="Yes",1,0)) | T57: =IF(Table4[[#This Row],[PaymentStatus]]="Open",1,0) -> 0 | U57: =IF(Table4[[#This Row],[InvoiceDate]]<>"",YEAR(Table4[[#This Row],[InvoiceDate]]),"") -> 2023
A58: AP10056 | B58: Payable | C58: Global Office | D58: 45238 | E58: 45268 | F58: 422.98 | G58: USD | H58: Paid | I58: 45268 | J58: 0 | L58: 391 | O58: Net 30 | P58: AP | Q58: =IF(Table4[[#This Row],[DaysLate]]="","NA",IF(Table4[[#This Row],[DaysLate]]<=0,"On Time",IF(Table4[[#This Row],[DaysLate]]<=30,"1-30 Days",IF(Table4[[#This Row],[DaysLate]]<=60,"30-60 Days",IF(Table4[[#This Row],[DaysLate]]<=90,"60-90 Days","90+ Days"))))) -> On Time | R58: =IF(Table4[[#This Row],[DaysLate]]="","",IF(Table4[[#This Row],[DaysLate]]>0,1,0)) -> 0 | S58: =IF(Table4[[#This Row],[DisputedFlag]]="","",IF(Table4[[#This Row],[DisputedFlag]]="Yes",1,0)) | T58: =IF(Table4[[#This Row],[PaymentStatus]]="Open",1,0) -> 0 | U58: =IF(Table4[[#This Row],[InvoiceDate]]<>"",YEAR(Table4[[#This Row],[InvoiceDate]]),"") -> 2023
A59: AP10057 | B59: Payable | C59: BluePrints | D59: 44929 | E59: 44959 | F59: 2784.23 | G59: USD | H59: Partial | I59: 0 | L59: 770 | O59: Net 30 | P59: AP | Q59: =IF(Table4[[#This Row],[DaysLate]]="","NA",IF(Table4[[#This Row],[DaysLate]]<=0,"On Time",IF(Table4[[#This Row],[DaysLate]]<=30,"1-30 Days",IF(Table4[[#This Row],[DaysLate]]<=60,"30-60 Days",IF(Table4[[#This Row],[DaysLate]]<=90,"60-90 Days","90+ Days"))))) -> NA | R59: =IF(Table4[[#This Row],[DaysLate]]="","",IF(Table4[[#This Row],[DaysLate]]>0,1,0)) | S59: =IF(Table4[[#This Row],[DisputedFlag]]="","",IF(Table4[[#This Row],[DisputedFlag]]="Yes",1,0)) | T59: =IF(Table4[[#This Row],[PaymentStatus]]="Open",1,0) -> 0 | U59: =IF(Table4[[#This Row],[InvoiceDate]]<>"",YEAR(Table4[[#This Row],[InvoiceDate]]),"") -> 2023
A60: AP10058 | B60: Payable | C60: TechMart | D60: 45462 | E60: 45492 | F60: 2946.12 | G60: CAD | H60: Open | I60: 0 | L60: 818 | O60: Net 30 | P60: AP | Q60: =IF(Table4[[#This Row],[DaysLate]]="","NA",IF(Table4[[#This Row],[DaysLate]]<=0,"On Time",IF(Table4[[#This Row],[DaysLate]]<=30,"1-30 Days",IF(Table4[[#This Row],[DaysLate]]<=60,"30-60 Days",IF(Table4[[#This Row],[DaysLate]]<=90,"60-90 Days","90+ Days"))))) -> NA | R60: =IF(Table4[[#This Row],[DaysLate]]="","",IF(Table4[[#This Row],[DaysLate]]>0,1,0)) | S60: =IF(Table4[[#This Row],[DisputedFlag]]="","",IF(Table4[[#This Row],[DisputedFlag]]="Yes",1,0)) | T60: =IF(Table4[[#This Row],[PaymentStatus]]="Open",1,0) -> 1 | U60: =IF(Table4[[#This Row],[InvoiceDate]]<>"",YEAR(Table4[[#This Row],[InvoiceDate]]),"") -> 2024
A61: AP10059 | B61: Payable | C61: BluePrints | D61: 45725 | E61: 45755 | F61: 578.58 | G61: GBP | H61: Partial | I61: 0 | L61: 897 | O61: Net 30 | P61: AP | Q61: =IF(Table4[[#This Row],[DaysLate]]="","NA",IF(Table4[[#This Row],[DaysLate]]<=0,"On Time",IF(Table4[[#This Row],[DaysLate]]<=30,"1-30 Days",IF(Table4[[#This Row],[DaysLate]]<=60,"30-60 Days",IF(Table4[[#This Row],[DaysLate]]<=90,"60-90 Days","90+ Days"))))) -> NA | R61: =IF(Table4[[#This Row],[DaysLate]]="","",IF(Table4[[#This Row],[DaysLate]]>0,1,0)) | S61: =IF(Table4[[#This Row],[DisputedFlag]]="","",IF(Table4[[#This Row],[DisputedFlag]]="Yes",1,0)) | T61: =IF(Table4[[#This Row],[PaymentStatus]]="Open",1,0) -> 0 | U61: =IF(Table4[[#This Row],[InvoiceDate]]<>"",YEAR(Table4[[#This Row],[InvoiceDate]]),"") -> 2025
A62: AP10060 | B62: Payable | C62: BluePrints | D62: 45440 | E62: 45470 | F62: 3849.56 | G62: GBP | H62: Paid | I62: 45483 | J62: 13 | L62: 818 | O62: Net 30 | P62: AP | Q62: =IF(Table4[[#This Row],[DaysLate]]="","NA",IF(Table4[[#This Row],[DaysLate]]<=0,"On Time",IF(Table4[[#This Row],[DaysLate]]<=30,"1-30 Days",IF(Table4[[#This Row],[DaysLate]]<=60,"30-60 Days",IF(Table4[[#This Row],[DaysLate]]<=90,"60-90 Days","90+ Days"))))) -> 1-30 Days | R62: =IF(Table4[[#This Row],[DaysLate]]="","",IF(Table4[[#This Row],[DaysLate]]>0,1,0)) -> 1 | S62: =IF(Table4[[#This Row],[DisputedFlag]]="","",IF(Table4[[#This Row],[DisputedFlag]]="Yes",1,0)) | T62: =IF(Table4[[#This Row],[PaymentStatus]]="Open",1,0) -> 0 | U62: =IF(Table4[[#This Row],[InvoiceDate]]<>"",YEAR(Table4[[#This Row],[InvoiceDate]]),"") -> 2024
A63: AP10061 | B63: Payable | C63: BluePrints | D63: 45408 | E63: 45438 | F63: 2055.53 | G63: CAD | H63: Partial | I63: 0 | L63: 406 | O63: Net 30 | P63: AP | Q63: =IF(Table4[[#This Row],[DaysLate]]="","NA",IF(Table4[[#This Row],[DaysLate]]<=0,"On Time",IF(Table4[[#This Row],[DaysLate]]<=30,"1-30 Days",IF(Table4[[#This Row],[DaysLate]]<=60,"30-60 Days",IF(Table4[[#This Row],[DaysLate]]<=90,"60-90 Days","90+ Days"))))) -> NA | R63: =IF(Table4[[#This Row],[DaysLate]]="","",IF(Table4[[#This Row],[DaysLate]]>0,1,0)) | S63: =IF(Table4[[#This Row],[DisputedFlag]]="","",IF(Table4[[#This Row],[DisputedFlag]]="Yes",1,0)) | T63: =IF(Table4[[#This Row],[PaymentStatus]]="Open",1,0) -> 0 | U63: =IF(Table4[[#This Row],[InvoiceDate]]<>"",YEAR(Table4[[#This Row],[InvoiceDate]]),"") -> 2024
A64: AP10062 | B64: Payable | C64: ABC Supplies | D64: 44981 | E64: 45011 | F64: 2185.32 | G64: AUD | H64: Paid | I64: 45011 | J64: 0 | L64: 770 | O64: Net 30 | P64: AP | Q64: =IF(Table4[[#This Row],[DaysLate]]="","NA",IF(Table4[[#This Row],[DaysLate]]<=0,"On Time",IF(Table4[[#This Row],[DaysLate]]<=30,"1-30 Days",IF(Table4[[#This Row],[DaysLate]]<=60,"30-60 Days",IF(Table4[[#This Row],[DaysLate]]<=90,"60-90 Days","90+ Days"))))) -> On Time | R64: =IF(Table4[[#This Row],[DaysLate]]="","",IF(Table4[[#This Row],[DaysLate]]>0,1,0)) -> 0 | S64: =IF(Table4[[#This Row],[DisputedFlag]]="","",IF(Table4[[#This Row],[DisputedFlag]]="Yes",1,0)) | T64: =IF(Table4[[#This Row],[PaymentStatus]]="Open",1,0) -> 0 | U64: =IF(Table4[[#This Row],[InvoiceDate]]<>"",YEAR(Table4[[#This Row],[InvoiceDate]]),"") -> 2023
A65: AP10063 | B65: Payable | C65: BluePrints | D65: 45703 | E65: 45733 | F65: 3382.98 | G65: GBP | H65: Paid | I65: 45733 | J65: 0 | L65: 391 | O65: Net 30 | P65: AP | Q65: =IF(Table4[[#This Row],[DaysLate]]="","NA",IF(Table4[[#This Row],[DaysLate]]<=0,"On Time",IF(Table4[[#This Row],[DaysLate]]<=30,"1-30 Days",IF(Table4[[#This Row],[DaysLate]]<=60,"30-60 Days",IF(Table4[[#This Row],[DaysLate]]<=90,"60-90 Days","90+ Days"))))) -> On Time | R65: =IF(Table4[[#This Row],[DaysLate]]="","",IF(Table4[[#This Row],[DaysLate]]>0,1,0)) -> 0 | S65: =IF(Table4[[#This Row],[DisputedFlag]]="","",IF(Table4[[#This Row],[DisputedFlag]]="Yes",1,0)) | T65: =IF(Table4[[#This Row],[PaymentStatus]]="Open",1,0) -> 0 | U65: =IF(Table4[[#This Row],[InvoiceDate]]<>"",YEAR(Table4[[#This Row],[InvoiceDate]]),"") -> 2025
A66: AP10064 | B66: Payable | C66: Fast Travel | D66: 45404 | E66: 45434 | F66: 3571.55 | G66: GBP | H66: Partial | I66: 0 | L66: 897 | O66: Net 30 | P66: AP | Q66: =IF(Table4[[#This Row],[DaysLate]]="","NA",IF(Table4[[#This Row],[DaysLate]]<=0,"On Time",IF(Table4[[#This Row],[DaysLate]]<=30,"1-30 Days",IF(Table4[[#This Row],[DaysLate]]<=60,"30-60 Days",IF(Table4[[#This Row],[DaysLate]]<=90,"60-90 Days","90+ Days"))))) -> NA | R66: =IF(Table4[[#This Row],[DaysLate]]="","",IF(Table4[[#This Row],[DaysLate]]>0,1,0)) | S66: =IF(Table4[[#This Row],[DisputedFlag]]="","",IF(Table4[[#This Row],[DisputedFlag]]="Yes",1,0)) | T66: =IF(Table4[[#This Row],[PaymentStatus]]="Open",1,0) -> 0 | U66: =IF(Table4[[#This Row],[InvoiceDate]]<>"",YEAR(Table4[[#This Row],[InvoiceDate]]),"") -> 2024
A67: AP10065 | B67: Payable | C67: ABC Supplies | D67: 45762 | E67: 45792 | F67: 2137.45 | G67: USD | H67: Open | I67: 0 | L67: 406 | O67: Net 30 | P67: AP | Q67: =IF(Table4[[#This Row],[DaysLate]]="","NA",IF(Table4[[#This Row],[DaysLate]]<=0,"On Time",IF(Table4[[#This Row],[DaysLate]]<=30,"1-30 Days",IF(Table4[[#This Row],[DaysLate]]<=60,"30-60 Days",IF(Table4[[#This Row],[DaysLate]]<=90,"60-90 Days","90+ Days"))))) -> NA | R67: =IF(Table4[[#This Row],[DaysLate]]="","",IF(Table4[[#This Row],[DaysLate]]>0,1,0)) | S67: =IF(Table4[[#This Row],[DisputedFlag]]="","",IF(Table4[[#This Row],[DisputedFlag]]="Yes",1,0)) | T67: =IF(Table4[[#This Row],[PaymentStatus]]="Open",1,0) -> 1 | U67: =IF(Table4[[#This Row],[InvoiceDate]]<>"",YEAR(Table4[[#This Row],[InvoiceDate]]),"") -> 2025
A68: AP10066 | B68: Payable | C68: TechMart | D68: 45697 | E68: 45727 | F68: 3793.28 | G68: USD | H68: Paid | I68: 45727 | J68: 0 | L68: 818 | O68: Net 30 | P68: AP | Q68: =IF(Table4[[#This Row],[DaysLate]]="","NA",IF(Table4[[#This Row],[DaysLate]]<=0,"On Time",IF(Table4[[#This Row],[DaysLate]]<=30,"1-30 Days",IF(Table4[[#This Row],[DaysLate]]<=60,"30-60 Days",IF(Table4[[#This Row],[DaysLate]]<=90,"60-90 Days","90+ Days"))))) -> On Time | R68: =IF(Table4[[#This Row],[DaysLate]]="","",IF(Table4[[#This Row],[DaysLate]]>0,1,0)) -> 0 | S68: =IF(Table4[[#This Row],[DisputedFlag]]="","",IF(Table4[[#This Row],[DisputedFlag]]="Yes",1,0)) | T68: =IF(Table4[[#This Row],[PaymentStatus]]="Open",1,0) -> 0 | U68: =IF(Table4[[#This Row],[InvoiceDate]]<>"",YEAR(Table4[[#This Row],[InvoiceDate]]),"") -> 2025
A69: AP10067 | B69: Payable | C69: BluePrints | D69: 45660 | E69: 45690 | F69: 2973.27 | G69: CAD | H69: Paid | I69: 45690 | J69: 0 | L69: 391 | O69: Net 30 | P69: AP | Q69: =IF(Table4[[#This Row],[DaysLate]]="","NA",IF(Table4[[#This Row],[DaysLate]]<=0,"On Time",IF(Table4[[#This Row],[DaysLate]]<=30,"1-30 Days",IF(Table4[[#This Row],[DaysLate]]<=60,"30-60 Days",IF(Table4[[#This Row],[DaysLate]]<=90,"60-90 Days","90+ Days"))))) -> On Time | R69: =IF(Table4[[#This Row],[DaysLate]]="","",IF(Table4[[#This Row],[DaysLate]]>0,1,0)) -> 0 | S69: =IF(Table4[[#This Row],[DisputedFlag]]="","",IF(Table4[[#This Row],[DisputedFlag]]="Yes",1,0)) | T69: =IF(Table4[[#This Row],[PaymentStatus]]="Open",1,0) -> 0 | U69: =IF(Table4[[#This Row],[InvoiceDate]]<>"",YEAR(Table4[[#This Row],[InvoiceDate]]),"") -> 2025
A70: AP10068 | B70: Payable | C70: BluePrints | D70: 45497 | E70: 45527 | F70: 4968.32 | G70: USD | H70: Open | I70: 0 | L70: 897 | O70: Net 30 | P70: AP | Q70: =IF(Table4[[#This Row],[DaysLate]]="","NA",IF(Table4[[#This Row],[DaysLate]]<=0,"On Time",IF(Table4[[#This Row],[DaysLate]]<=30,"1-30 Days",IF(Table4[[#This Row],[DaysLate]]<=60,"30-60 Days",IF(Table4[[#This Row],[DaysLate]]<=90,"60-90 Days","90+ Days"))))) -> NA | R70: =IF(Table4[[#This Row],[DaysLate]]="","",IF(Table4[[#This Row],[DaysLate]]>0,1,0)) | S70: =IF(Table4[[#This Row],[DisputedFlag]]="","",IF(Table4[[#This Row],[DisputedFlag]]="Yes",1,0)) | T70: =IF(Table4[[#This Row],[PaymentStatus]]="Open",1,0) -> 1 | U70: =IF(Table4[[#This Row],[InvoiceDate]]<>"",YEAR(Table4[[#This Row],[InvoiceDate]]),"") -> 2024
A71: AP10069 | B71: Payable | C71: BluePrints | D71: 44958 | E71: 44988 | F71: 4336.91 | G71: USD | H71: Open | I71: 0 | L71: 770 | O71: Net 30 | P71: AP | Q71: =IF(Table4[[#This Row],[DaysLate]]="","NA",IF(Table4[[#This Row],[DaysLate]]<=0,"On Time",IF(Table4[[#This Row],[DaysLate]]<=30,"1-30 Days",IF(Table4[[#This Row],[DaysLate]]<=60,"30-60 Days",IF(Table4[[#This Row],[DaysLate]]<=90,"60-90 Days","90+ Days"))))) -> NA | R71: =IF(Table4[[#This Row],[DaysLate]]="","",IF(Table4[[#This Row],[DaysLate]]>0,1,0)) | S71: =IF(Table4[[#This Row],[DisputedFlag]]="","",IF(Table4[[#This Row],[DisputedFlag]]="Yes",1,0)) | T71: =IF(Table4[[#This Row],[PaymentStatus]]="Open",1,0) -> 1 | U71: =IF(Table4[[#This Row],[InvoiceDate]]<>"",YEAR(Table4[[#This Row],[InvoiceDate]]),"") -> 2023
A72: AP10070 | B72: Payable | C72: TechMart | D72: 45629 | E72: 45659 | F72: 2479.95 | G72: USD | H72: Paid | I72: 45659 | J72: 0 | L72: 897 | O72: Net 30 | P72: AP | Q72: =IF(Table4[[#This Row],[DaysLate]]="","NA",IF(Table4[[#This Row],[DaysLate]]<=0,"On Time",IF(Table4[[#This Row],[DaysLate]]<=30,"1-30 Days",IF(Table4[[#This Row],[DaysLate]]<=60,"30-60 Days",IF(Table4[[#This Row],[DaysLate]]<=90,"60-90 Days","90+ Days"))))) -> On Time | R72: =IF(Table4[[#This Row],[DaysLate]]="","",IF(Table4[[#This Row],[DaysLate]]>0,1,0)) -> 0 | S72: =IF(Table4[[#This Row],[DisputedFlag]]="","",IF(Table4[[#This Row],[DisputedFlag]]="Yes",1,0)) | T72: =IF(Table4[[#This Row],[PaymentStatus]]="Open",1,0) -> 0 | U72: =IF(Table4[[#This Row],[InvoiceDate]]<>"",YEAR(Table4[[#This Row],[InvoiceDate]]),"") -> 2024
A73: AP10071 | B73: Payable | C73: TechMart | D73: 45821 | E73: 45851 | F73: 2498.69 | G73: USD | H73: Open | I73: 0 | L73: 770 | O73: Net 30 | P73: AP | Q73: =IF(Table4[[#This Row],[DaysLate]]="","NA",IF(Table4[[#This Row],[DaysLate]]<=0,"On Time",IF(Table4[[#This Row],[DaysLate]]<=30,"1-30 Days",IF(Table4[[#This Row],[DaysLate]]<=60,"30-60 Days",IF(Table4[[#This Row],[DaysLate]]<=90,"60-90 Days","90+ Days"))))) -> NA | R73: =IF(Table4[[#This Row],[DaysLate]]="","",IF(Table4[[#This Row],[DaysLate]]>0,1,0)) | S73: =IF(Table4[[#This Row],[DisputedFlag]]="","",IF(Table4[[#This Row],[DisputedFlag]]="Yes",1,0)) | T73: =IF(Table4[[#This Row],[PaymentStatus]]="Open",1,0) -> 1 | U73: =IF(Table4[[#This Row],[InvoiceDate]]<>"",YEAR(Table4[[#This Row],[InvoiceDate]]),"") -> 2025
A74: AP10072 | B74: Payable | C74: Fast Travel | D74: 45597 | E74: 45627 | F74: 2106.66 | G74: CAD | H74: Paid | I74: 45657 | J74: 30 | L74: 391 | O74: Net 30 | P74: AP | Q74: =IF(Table4[[#This Row],[DaysLate]]="","NA",IF(Table4[[#This Row],[DaysLate]]<=0,"On Time",IF(Table4[[#This Row],[DaysLate]]<=30,"1-30 Days",IF(Table4[[#This Row],[DaysLate]]<=60,"30-60 Days",IF(Table4[[#This Row],[DaysLate]]<=90,"60-90 Days","90+ Days"))))) -> 1-30 Days | R74: =IF(Table4[[#This Row],[DaysLate]]="","",IF(Table4[[#This Row],[DaysLate]]>0,1,0)) -> 1 | S74: =IF(Table4[[#This Row],[DisputedFlag]]="","",IF(Table4[[#This Row],[DisputedFlag]]="Yes",1,0)) | T74: =IF(Table4[[#This Row],[PaymentStatus]]="Open",1,0) -> 0 | U74: =IF(Table4[[#This Row],[InvoiceDate]]<>"",YEAR(Table4[[#This Row],[InvoiceDate]]),"") -> 2024
A75: AP10073 | B75: Payable | C75: BluePrints | D75: 45092 | E75: 45122 | F75: 2082.92 | G75: AUD | H75: Partial | I75: 0 | L75: 406 | O75: Net 30 | P75: AP | Q75: =IF(Table4[[#This Row],[DaysLate]]="","NA",IF(Table4[[#This Row],[DaysLate]]<=0,"On Time",IF(Table4[[#This Row],[DaysLate]]<=30,"1-30 Days",IF(Table4[[#This Row],[DaysLate]]<=60,"30-60 Days",IF(Table4[[#This Row],[DaysLate]]<=90,"60-90 Days","90+ Days"))))) -> NA | R75: =IF(Table4[[#This Row],[DaysLate]]="","",IF(Table4[[#This Row],[DaysLate]]>0,1,0)) | S75: =IF(Table4[[#This Row],[DisputedFlag]]="","",IF(Table4[[#This Row],[DisputedFlag]]="Yes",1,0)) | T75: =IF(Table4[[#This Row],[PaymentStatus]]="Open",1,0) -> 0 | U75: =IF(Table4[[#This Row],[InvoiceDate]]<>"",YEAR(Table4[[#This Row],[InvoiceDate]]),"") -> 2023
A76: AP10074 | B76: Payable | C76: ABC Supplies | D76: 45187 | E76: 45217 | F76: 3536.09 | G76: USD | H76: Paid | I76: 45217 | J76: 0 | L76: 818 | O76: Net 30 | P76: AP | Q76: =IF(Table4[[#This Row],[DaysLate]]="","NA",IF(Table4[[#This Row],[DaysLate]]<=0,"On Time",IF(Table4[[#This Row],[DaysLate]]<=30,"1-30 Days",IF(Table4[[#This Row],[DaysLate]]<=60,"30-60 Days",IF(Table4[[#This Row],[DaysLate]]<=90,"60-90 Days","90+ Days"))))) -> On Time | R76: =IF(Table4[[#This Row],[DaysLate]]="","",IF(Table4[[#This Row],[DaysLate]]>0,1,0)) -> 0 | S76: =IF(Table4[[#This Row],[DisputedFlag]]="","",IF(Table4[[#This Row],[DisputedFlag]]="Yes",1,0)) | T76: =IF(Table4[[#This Row],[PaymentStatus]]="Open",1,0) -> 0 | U76: =IF(Table4[[#This Row],[InvoiceDate]]<>"",YEAR(Table4[[#This Row],[InvoiceDate]]),"") -> 2023
A77: AP10075 | B77: Payable | C77: BluePrints | D77: 45661 | E77: 45691 | F77: 3984.82 | G77: CAD | H77: Open | I77: 0 | L77: 770 | O77: Net 30 | P77: AP | Q77: =IF(Table4[[#This Row],[DaysLate]]="","NA",IF(Table4[[#This Row],[DaysLate]]<=0,"On Time",IF(Table4[[#This Row],[DaysLate]]<=30,"1-30 Days",IF(Table4[[#This Row],[DaysLate]]<=60,"30-60 Days",IF(Table4[[#This Row],[DaysLate]]<=90,"60-90 Days","90+ Days"))))) -> NA | R77: =IF(Table4[[#This Row],[DaysLate]]="","",IF(Table4[[#This Row],[DaysLate]]>0,1,0)) | S77: =IF(Table4[[#This Row],[DisputedFlag]]="","",IF(Table4[[#This Row],[DisputedFlag]]="Yes",1,0)) | T77: =IF(Table4[[#This Row],[PaymentStatus]]="Open",1,0) -> 1 | U77: =IF(Table4[[#This Row],[InvoiceDate]]<>"",YEAR(Table4[[#This Row],[InvoiceDate]]),"") -> 2025
A78: AP10076 | B78: Payable | C78: TechMart | D78: 45068 | E78: 45098 | F78: 1175.94 | G78: USD | H78: Partial | I78: 0 | L78: 818 | O78: Net 30 | P78: AP | Q78: =IF(Table4[[#This Row],[DaysLate]]="","NA",IF(Table4[[#This Row],[DaysLate]]<=0,"On Time",IF(Table4[[#This Row],[DaysLate]]<=30,"1-30 Days",IF(Table4[[#This Row],[DaysLate]]<=60,"30-60 Days",IF(Table4[[#This Row],[DaysLate]]<=90,"60-90 Days","90+ Days"))))) -> NA | R78: =IF(Table4[[#This Row],[DaysLate]]="","",IF(Table4[[#This Row],[DaysLate]]>0,1,0)) | S78: =IF(Table4[[#This Row],[DisputedFlag]]="","",IF(Table4[[#This Row],[DisputedFlag]]="Yes",1,0)) | T78: =IF(Table4[[#This Row],[PaymentStatus]]="Open",1,0) -> 0 | U78: =IF(Table4[[#This Row],[InvoiceDate]]<>"",YEAR(Table4[[#This Row],[InvoiceDate]]),"") -> 2023
A79: AP10077 | B79: Payable | C79: Global Office | D79: 45556 | E79: 45586 | F79: 1596.04 | G79: AUD | H79: Paid | I79: 45586 | J79: 0 | L79: 406 | O79: Net 30 | P79: AP | Q79: =IF(Table4[[#This Row],[DaysLate]]="","NA",IF(Table4[[#This Row],[DaysLate]]<=0,"On Time",IF(Table4[[#This Row],[DaysLate]]<=30,"1-30 Days",IF(Table4[[#This Row],[DaysLate]]<=60,"30-60 Days",IF(Table4[[#This Row],[DaysLate]]<=90,"60-90 Days","90+ Days"))))) -> On Time | R79: =IF(Table4[[#This Row],[DaysLate]]="","",IF(Table4[[#This Row],[DaysLate]]>0,1,0)) -> 0 | S79: =IF(Table4[[#This Row],[DisputedFlag]]="","",IF(Table4[[#This Row],[DisputedFlag]]="Yes",1,0)) | T79: =IF(Table4[[#This Row],[PaymentStatus]]="Open",1,0) -> 0 | U79: =IF(Table4[[#This Row],[InvoiceDate]]<>"",YEAR(Table4[[#This Row],[InvoiceDate]]),"") -> 2024
A80: AP10078 | B80: Payable | C80: Global Office | D80: 45401 | E80: 45431 | F80: 1687.52 | G80: USD | H80: Paid | I80: 45431 | J80: 0 | L80: 391 | O80: Net 30 | P80: AP | Q80: =IF(Table4[[#This Row],[DaysLate]]="","NA",IF(Table4[[#This Row],[DaysLate]]<=0,"On Time",IF(Table4[[#This Row],[DaysLate]]<=30,"1-30 Days",IF(Table4[[#This Row],[DaysLate]]<=60,"30-60 Days",IF(Table4[[#This Row],[DaysLate]]<=90,"60-90 Days","90+ Days"))))) -> On Time | R80: =IF(Table4[[#This Row],[DaysLate]]="","",IF(Table4[[#This Row],[DaysLate]]>0,1,0)) -> 0 | S80: =IF(Table4[[#This Row],[DisputedFlag]]="","",IF(Table4[[#This Row],[DisputedFlag]]="Yes",1,0)) | T80: =IF(Table4[[#This Row],[PaymentStatus]]="Open",1,0) -> 0 | U80: =IF(Table4[[#This Row],[InvoiceDate]]<>"",YEAR(Table4[[#This Row],[InvoiceDate]]),"") -> 2024
A81: AP10079 | B81: Payable | C81: Global Office | D81: 45161 | E81: 45191 | F81: 1247.56 | G81: USD | H81: Paid | I81: 45191 | J81: 0 | L81: 897 | O81: Net 30 | P81: AP | Q81: =IF(Table4[[#This Row],[DaysLate]]="","NA",IF(Table4[[#This Row],[DaysLate]]<=0,"On Time",IF(Table4[[#This Row],[DaysLate]]<=30,"1-30 Days",IF(Table4[[#This Row],[DaysLate]]<=60,"30-60 Days",IF(Table4[[#This Row],[DaysLate]]<=90,"60-90 Days","90+ Days"))))) -> On Time | R81: =IF(Table4[[#This Row],[DaysLate]]="","",IF(Table4[[#This Row],[DaysLate]]>0,1,0)) -> 0 | S81: =IF(Table4[[#This Row],[DisputedFlag]]="","",IF(Table4[[#This Row],[DisputedFlag]]="Yes",1,0)) | T81: =IF(Table4[[#This Row],[PaymentStatus]]="Open",1,0) -> 0 | U81: =IF(Table4[[#This Row],[InvoiceDate]]<>"",YEAR(Table4[[#This Row],[InvoiceDate]]),"") -> 2023
A82: AP10080 | B82: Payable | C82: ABC Supplies | D82: 45811 | E82: 45841 | F82: 3330.96 | G82: AUD | H82: Partial | I82: 0 | L82: 391 | O82: Net 30 | P82: AP | Q82: =IF(Table4[[#This Row],[DaysLate]]="","NA",IF(Table4[[#This Row],[DaysLate]]<=0,"On Time",IF(Table4[[#This Row],[DaysLate]]<=30,"1-30 Days",IF(Table4[[#This Row],[DaysLate]]<=60,"30-60 Days",IF(Table4[[#This Row],[DaysLate]]<=90,"60-90 Days","90+ Days"))))) -> NA | R82: =IF(Table4[[#This Row],[DaysLate]]="","",IF(Table4[[#This Row],[DaysLate]]>0,1,0)) | S82: =IF(Table4[[#This Row],[DisputedFlag]]="","",IF(Table4[[#This Row],[DisputedFlag]]="Yes",1,0)) | T82: =IF(Table4[[#This Row],[PaymentStatus]]="Open",1,0) -> 0 | U82: =IF(Table4[[#This Row],[InvoiceDate]]<>"",YEAR(Table4[[#This Row],[InvoiceDate]]),"") -> 2025
A83: AP10081 | B83: Payable | C83: TechMart | D83: 45561 | E83: 45591 | F83: 1612.59 | G83: EUR | H83: Open | I83: 0 | L83: 406 | O83: Net 30 | P83: AP | Q83: =IF(Table4[[#This Row],[DaysLate]]="","NA",IF(Table4[[#This Row],[DaysLate]]<=0,"On Time",IF(Table4[[#This Row],[DaysLate]]<=30,"1-30 Days",IF(Table4[[#This Row],[DaysLate]]<=60,"30-60 Days",IF(Table4[[#This Row],[DaysLate]]<=90,"60-90 Days","90+ Days"))))) -> NA | R83: =IF(Table4[[#This Row],[DaysLate]]="","",IF(Table4[[#This Row],[DaysLate]]>0,1,0)) | S83: =IF(Table4[[#This Row],[DisputedFlag]]="","",IF(Table4[[#This Row],[DisputedFlag]]="Yes",1,0)) | T83: =IF(Table4[[#This Row],[PaymentStatus]]="Open",1,0) -> 1 | U83: =IF(Table4[[#This Row],[InvoiceDate]]<>"",YEAR(Table4[[#This Row],[InvoiceDate]]),"") -> 2024
A84: AP10082 | B84: Payable | C84: Global Office | D84: 45458 | E84: 45488 | F84: 1096.08 | G84: CAD | H84: Partial | I84: 0 | L84: 770 | O84: Net 30 | P84: AP | Q84: =IF(Table4[[#This Row],[DaysLate]]="","NA",IF(Table4[[#This Row],[DaysLate]]<=0,"On Time",IF(Table4[[#This Row],[DaysLate]]<=30,"1-30 Days",IF(Table4[[#This Row],[DaysLate]]<=60,"30-60 Days",IF(Table4[[#This Row],[DaysLate]]<=90,"60-90 Days","90+ Days"))))) -> NA | R84: =IF(Table4[[#This Row],[DaysLate]]="","",IF(Table4[[#This Row],[DaysLate]]>0,1,0)) | S84: =IF(Table4[[#This Row],[DisputedFlag]]="","",IF(Table4[[#This Row],[DisputedFlag]]="Yes",1,0)) | T84: =IF(Table4[[#This Row],[PaymentStatus]]="Open",1,0) -> 0 | U84: =IF(Table4[[#This Row],[InvoiceDate]]<>"",YEAR(Table4[[#This Row],[InvoiceDate]]),"") -> 2024
A85: AP10083 | B85: Payable | C85: ABC Supplies | D85: 45423 | E85: 45453 | F85: 1927.05 | G85: USD | H85: Partial | I85: 0 | L85: 818 | O85: Net 30 | P85: AP | Q85: =IF(Table4[[#This Row],[DaysLate]]="","NA",IF(Table4[[#This Row],[DaysLate]]<=0,"On Time",IF(Table4[[#This Row],[DaysLate]]<=30,"1-30 Days",IF(Table4[[#This Row],[DaysLate]]<=60,"30-60 Days",IF(Table4[[#This Row],[DaysLate]]<=90,"60-90 Days","90+ Days"))))) -> NA | R85: =IF(Table4[[#This Row],[DaysLate]]="","",IF(Table4[[#This Row],[DaysLate]]>0,1,0)) | S85: =IF(Table4[[#This Row],[DisputedFlag]]="","",IF(Table4[[#This Row],[DisputedFlag]]="Yes",1,0)) | T85: =IF(Table4[[#This Row],[PaymentStatus]]="Open",1,0) -> 0 | U85: =IF(Table4[[#This Row],[InvoiceDate]]<>"",YEAR(Table4[[#This Row],[InvoiceDate]]),"") -> 2024
A86: AP10084 | B86: Payable | C86: ABC Supplies | D86: 45082 | E86: 45112 | F86: 1169.93 | G86: USD | H86: Open | I86: 0 | L86: 897 | O86: Net 30 | P86: AP | Q86: =IF(Table4[[#This Row],[DaysLate]]="","NA",IF(Table4[[#This Row],[DaysLate]]<=0,"On Time",IF(Table4[[#This Row],[DaysLate]]<=30,"1-30 Days",IF(Table4[[#This Row],[DaysLate]]<=60,"30-60 Days",IF(Table4[[#This Row],[DaysLate]]<=90,"60-90 Days","90+ Days"))))) -> NA | R86: =IF(Table4[[#This Row],[DaysLate]]="","",IF(Table4[[#This Row],[DaysLate]]>0,1,0)) | S86: =IF(Table4[[#This Row],[DisputedFlag]]="","",IF(Table4[[#This Row],[DisputedFlag]]="Yes",1,0)) | T86: =IF(Table4[[#This Row],[PaymentStatus]]="Open",1,0) -> 1 | U86: =IF(Table4[[#This Row],[InvoiceDate]]<>"",YEAR(Table4[[#This Row],[InvoiceDate]]),"") -> 2023
A87: AP10085 | B87: Payable | C87: TechMart | D87: 45820 | E87: 45850 | F87: 662.31 | G87: GBP | H87: Open | I87: 0 | L87: 770 | O87: Net 30 | P87: AP | Q87: =IF(Table4[[#This Row],[DaysLate]]="","NA",IF(Table4[[#This Row],[DaysLate]]<=0,"On Time",IF(Table4[[#This Row],[DaysLate]]<=30,"1-30 Days",IF(Table4[[#This Row],[DaysLate]]<=60,"30-60 Days",IF(Table4[[#This Row],[DaysLate]]<=90,"60-90 Days","90+ Days"))))) -> NA | R87: =IF(Table4[[#This Row],[DaysLate]]="","",IF(Table4[[#This Row],[DaysLate]]>0,1,0)) | S87: =IF(Table4[[#This Row],[DisputedFlag]]="","",IF(Table4[[#This Row],[DisputedFlag]]="Yes",1,0)) | T87: =IF(Table4[[#This Row],[PaymentStatus]]="Open",1,0) -> 1 | U87: =IF(Table4[[#This Row],[InvoiceDate]]<>"",YEAR(Table4[[#This Row],[InvoiceDate]]),"") -> 2025
A88: AP10086 | B88: Payable | C88: TechMart | D88: 45111 | E88: 45141 | F88: 3443.5 | G88: CAD | H88: Paid | I88: 45141 | J88: 0 | L88: 391 | O88: Net 30 | P88: AP | Q88: =IF(Table4[[#This Row],[DaysLate]]="","NA",IF(Table4[[#This Row],[DaysLate]]<=0,"On Time",IF(Table4[[#This Row],[DaysLate]]<=30,"1-30 Days",IF(Table4[[#This Row],[DaysLate]]<=60,"30-60 Days",IF(Table4[[#This Row],[DaysLate]]<=90,"60-90 Days","90+ Days"))))) -> On Time | R88: =IF(Table4[[#This Row],[DaysLate]]="","",IF(Table4[[#This Row],[DaysLate]]>0,1,0)) -> 0 | S88: =IF(Table4[[#This Row],[DisputedFlag]]="","",IF(Table4[[#This Row],[DisputedFlag]]="Yes",1,0)) | T88: =IF(Table4[[#This Row],[PaymentStatus]]="Open",1,0) -> 0 | U88: =IF(Table4[[#This Row],[InvoiceDate]]<>"",YEAR(Table4[[#This Row],[InvoiceDate]]),"") -> 2023
A89: AP10087 | B89: Payable | C89: TechMart | D89: 45456 | E89: 45486 | F89: 3290.86 | G89: CAD | H89: Paid | I89: 45486 | J89: 0 | L89: 897 | O89: Net 30 | P89: AP | Q89: =IF(Table4[[#This Row],[DaysLate]]="","NA",IF(Table4[[#This Row],[DaysLate]]<=0,"On Time",IF(Table4[[#This Row],[DaysLate]]<=30,"1-30 Days",IF(Table4[[#This Row],[DaysLate]]<=60,"30-60 Days",IF(Table4[[#This Row],[DaysLate]]<=90,"60-90 Days","90+ Days"))))) -> On Time | R89: =IF(Table4[[#This Row],[DaysLate]]="","",IF(Table4[[#This Row],[DaysLate]]>0,1,0)) -> 0 | S89: =IF(Table4[[#This Row],[DisputedFlag]]="","",IF(Table4[[#This Row],[DisputedFlag]]="Yes",1,0)) | T89: =IF(Table4[[#This Row],[PaymentStatus]]="Open",1,0) -> 0 | U89: =IF(Table4[[#This Row],[InvoiceDate]]<>"",YEAR(Table4[[#This Row],[InvoiceDate]]),"") -> 2024
A90: AP10088 | B90: Payable | C90: TechMart | D90: 45737 | E90: 45767 | F90: 1872.61 | G90: EUR | H90: Open | I90: 0 | L90: 818 | O90: Net 30 | P90: AP | Q90: =IF(Table4[[#This Row],[DaysLate]]="","NA",IF(Table4[[#This Row],[DaysLate]]<=0,"On Time",IF(Table4[[#This Row],[DaysLate]]<=30,"1-30 Days",IF(Table4[[#This Row],[DaysLate]]<=60,"30-60 Days",IF(Table4[[#This Row],[DaysLate]]<=90,"60-90 Days","90+ Days"))))) -> NA | R90: =IF(Table4[[#This Row],[DaysLate]]="","",IF(Table4[[#This Row],[DaysLate]]>0,1,0)) | S90: =IF(Table4[[#This Row],[DisputedFlag]]="","",IF(Table4[[#This Row],[DisputedFlag]]="Yes",1,0)) | T90: =IF(Table4[[#This Row],[PaymentStatus]]="Open",1,0) -> 1 | U90: =IF(Table4[[#This Row],[InvoiceDate]]<>"",YEAR(Table4[[#This Row],[InvoiceDate]]),"") -> 2025
A91: AP10089 | B91: Payable | C91: TechMart | D91: 45520 | E91: 45550 | F91: 307.49 | G91: GBP | H91: Open | I91: 0 | L91: 406 | O91: Net 30 | P91: AP | Q91: =IF(Table4[[#This Row],[DaysLate]]="","NA",IF(Table4[[#This Row],[DaysLate]]<=0,"On Time",IF(Table4[[#This Row],[DaysLate]]<=30,"1-30 Days",IF(Table4[[#This Row],[DaysLate]]<=60,"30-60 Days",IF(Table4[[#This Row],[DaysLate]]<=90,"60-90 Days","90+ Days"))))) -> NA | R91: =IF(Table4[[#This Row],[DaysLate]]="","",IF(Table4[[#This Row],[DaysLate]]>0,1,0)) | S91: =IF(Table4[[#This Row],[DisputedFlag]]="","",IF(Table4[[#This Row],[DisputedFlag]]="Yes",1,0)) | T91: =IF(Table4[[#This Row],[PaymentStatus]]="Open",1,0) -> 1 | U91: =IF(Table4[[#This Row],[InvoiceDate]]<>"",YEAR(Table4[[#This Row],[InvoiceDate]]),"") -> 2024
A92: AP10090 | B92: Payable | C92: TechMart | D92: 45403 | E92: 45433 | F92: 211.08 | G92: AUD | H92: Partial | I92: 0 | L92: 818 | O92: Net 30 | P92: AP | Q92: =IF(Table4[[#This Row],[DaysLate]]="","NA",IF(Table4[[#This Row],[DaysLate]]<=0,"On Time",IF(Table4[[#This Row],[DaysLate]]<=30,"1-30 Days",IF(Table4[[#This Row],[DaysLate]]<=60,"30-60 Days",IF(Table4[[#This Row],[DaysLate]]<=90,"60-90 Days","90+ Days"))))) -> NA | R92: =IF(Table4[[#This Row],[DaysLate]]="","",IF(Table4[[#This Row],[DaysLate]]>0,1,0)) | S92: =IF(Table4[[#This Row],[DisputedFlag]]="","",IF(Table4[[#This Row],[DisputedFlag]]="Yes",1,0)) | T92: =IF(Table4[[#This Row],[PaymentStatus]]="Open",1,0) -> 0 | U92: =IF(Table4[[#This Row],[InvoiceDate]]<>"",YEAR(Table4[[#This Row],[InvoiceDate]]),"") -> 2024
A93: AP10091 | B93: Payable | C93: TechMart | D93: 44966 | E93: 44996 | F93: 2052.01 | G93: EUR | H93: Open | I93: 0 | L93: 406 | O93: Net 30 | P93: AP | Q93: =IF(Table4[[#This Row],[DaysLate]]="","NA",IF(Table4[[#This Row],[DaysLate]]<=0,"On Time",IF(Table4[[#This Row],[DaysLate]]<=30,"1-30 Days",IF(Table4[[#This Row],[DaysLate]]<=60,"30-60 Days",IF(Table4[[#This Row],[DaysLate]]<=90,"60-90 Days","90+ Days"))))) -> NA | R93: =IF(Table4[[#This Row],[DaysLate]]="","",IF(Table4[[#This Row],[DaysLate]]>0,1,0)) | S93: =IF(Table4[[#This Row],[DisputedFlag]]="","",IF(Table4[[#This Row],[DisputedFlag]]="Yes",1,0)) | T93: =IF(Table4[[#This Row],[PaymentStatus]]="Open",1,0) -> 1 | U93: =IF(Table4[[#This Row],[InvoiceDate]]<>"",YEAR(Table4[[#This Row],[InvoiceDate]]),"") -> 2023
A94: AP10092 | B94: Payable | C94: TechMart | D94: 45071 | E94: 45101 | F94: 4091.87 | G94: AUD | H94: Open | I94: 0 | L94: 770 | O94: Net 30 | P94: AP | Q94: =IF(Table4[[#This Row],[DaysLate]]="","NA",IF(Table4[[#This Row],[DaysLate]]<=0,"On Time",IF(Table4[[#This Row],[DaysLate]]<=30,"1-30 Days",IF(Table4[[#This Row],[DaysLate]]<=60,"30-60 Days",IF(Table4[[#This Row],[DaysLate]]<=90,"60-90 Days","90+ Days"))))) -> NA | R94: =IF(Table4[[#This Row],[DaysLate]]="","",IF(Table4[[#This Row],[DaysLate]]>0,1,0)) | S94: =IF(Table4[[#This Row],[DisputedFlag]]="","",IF(Table4[[#This Row],[DisputedFlag]]="Yes",1,0)) | T94: =IF(Table4[[#This Row],[PaymentStatus]]="Open",1,0) -> 1 | U94: =IF(Table4[[#This Row],[InvoiceDate]]<>"",YEAR(Table4[[#This Row],[InvoiceDate]]),"") -> 2023
A95: AP10093 | B95: Payable | C95: Global Office | D95: 45227 | E95: 45257 | F95: 1321.04 | G95: AUD | H95: Open | I95: 0 | L95: 391 | O95: Net 30 | P95: AP | Q95: =IF(Table4[[#This Row],[DaysLate]]="","NA",IF(Table4[[#This Row],[DaysLate]]<=0,"On Time",IF(Table4[[#This Row],[DaysLate]]<=30,"1-30 Days",IF(Table4[[#This Row],[DaysLate]]<=60,"30-60 Days",IF(Table4[[#This Row],[DaysLate]]<=90,"60-90 Days","90+ Days"))))) -> NA | R95: =IF(Table4[[#This Row],[DaysLate]]="","",IF(Table4[[#This Row],[DaysLate]]>0,1,0)) | S95: =IF(Table4[[#This Row],[DisputedFlag]]="","",IF(Table4[[#This Row],[DisputedFlag]]="Yes",1,0)) | T95: =IF(Table4[[#This Row],[PaymentStatus]]="Open",1,0) -> 1 | U95: =IF(Table4[[#This Row],[InvoiceDate]]<>"",YEAR(Table4[[#This Row],[InvoiceDate]]),"") -> 2023
A96: AP10094 | B96: Payable | C96: BluePrints | D96: 45088 | E96: 45118 | F96: 4205.21 | G96: AUD | H96: Paid | I96: 45118 | J96: 0 | L96: 897 | O96: Net 30 | P96: AP | Q96: =IF(Table4[[#This Row],[DaysLate]]="","NA",IF(Table4[[#This Row],[DaysLate]]<=0,"On Time",IF(Table4[[#This Row],[DaysLate]]<=30,"1-30 Days",IF(Table4[[#This Row],[DaysLate]]<=60,"30-60 Days",IF(Table4[[#This Row],[DaysLate]]<=90,"60-90 Days","90+ Days"))))) -> On Time | R96: =IF(Table4[[#This Row],[DaysLate]]="","",IF(Table4[[#This Row],[DaysLate]]>0,1,0)) -> 0 | S96: =IF(Table4[[#This Row],[DisputedFlag]]="","",IF(Table4[[#This Row],[DisputedFlag]]="Yes",1,0)) | T96: =IF(Table4[[#This Row],[PaymentStatus]]="Open",1,0) -> 0 | U96: =IF(Table4[[#This Row],[InvoiceDate]]<>"",YEAR(Table4[[#This Row],[InvoiceDate]]),"") -> 2023
A97: AP10095 | B97: Payable | C97: Fast Travel | D97: 45426 | E97: 45456 | F97: 4804.12 | G97: CAD | H97: Open | I97: 0 | L97: 406 | O97: Net 30 | P97: AP | Q97: =IF(Table4[[#This Row],[DaysLate]]="","NA",IF(Table4[[#This Row],[DaysLate]]<=0,"On Time",IF(Table4[[#This Row],[DaysLate]]<=30,"1-30 Days",IF(Table4[[#This Row],[DaysLate]]<=60,"30-60 Days",IF(Table4[[#This Row],[DaysLate]]<=90,"60-90 Days","90+ Days"))))) -> NA | R97: =IF(Table4[[#This Row],[DaysLate]]="","",IF(Table4[[#This Row],[DaysLate]]>0,1,0)) | S97: =IF(Table4[[#This Row],[DisputedFlag]]="","",IF(Table4[[#This Row],[DisputedFlag]]="Yes",1,0)) | T97: =IF(Table4[[#This Row],[PaymentStatus]]="Open",1,0) -> 1 | U97: =IF(Table4[[#This Row],[InvoiceDate]]<>"",YEAR(Table4[[#This Row],[InvoiceDate]]),"") -> 2024
A98: AP10096 | B98: Payable | C98: Fast Travel | D98: 45442 | E98: 45472 | F98: 2179.34 | G98: USD | H98: Paid | I98: 45472 | J98: 0 | L98: 391 | O98: Net 30 | P98: AP | Q98: =IF(Table4[[#This Row],[DaysLate]]="","NA",IF(Table4[[#This Row],[DaysLate]]<=0,"On Time",IF(Table4[[#This Row],[DaysLate]]<=30,"1-30 Days",IF(Table4[[#This Row],[DaysLate]]<=60,"30-60 Days",IF(Table4[[#This Row],[DaysLate]]<=90,"60-90 Days","90+ Days"))))) -> On Time | R98: =IF(Table4[[#This Row],[DaysLate]]="","",IF(Table4[[#This Row],[DaysLate]]>0,1,0)) -> 0 | S98: =IF(Table4[[#This Row],[DisputedFlag]]="","",IF(Table4[[#This Row],[DisputedFlag]]="Yes",1,0)) | T98: =IF(Table4[[#This Row],[PaymentStatus]]="Open",1,0) -> 0 | U98: =IF(Table4[[#This Row],[InvoiceDate]]<>"",YEAR(Table4[[#This Row],[InvoiceDate]]),"") -> 2024
A99: AP10097 | B99: Payable | C99: ABC Supplies | D99: 45350 | E99: 45380 | F99: 2918.59 | G99: CAD | H99: Open | I99: 0 | L99: 818 | O99: Net 30 | P99: AP | Q99: =IF(Table4[[#This Row],[DaysLate]]="","NA",IF(Table4[[#This Row],[DaysLate]]<=0,"On Time",IF(Table4[[#This Row],[DaysLate]]<=30,"1-30 Days",IF(Table4[[#This Row],[DaysLate]]<=60,"30-60 Days",IF(Table4[[#This Row],[DaysLate]]<=90,"60-90 Days","90+ Days"))))) -> NA | R99: =IF(Table4[[#This Row],[DaysLate]]="","",IF(Table4[[#This Row],[DaysLate]]>0,1,0)) | S99: =IF(Table4[[#This Row],[DisputedFlag]]="","",IF(Table4[[#This Row],[DisputedFlag]]="Yes",1,0)) | T99: =IF(Table4[[#This Row],[PaymentStatus]]="Open",1,0) -> 1 | U99: =IF(Table4[[#This Row],[InvoiceDate]]<>"",YEAR(Table4[[#This Row],[InvoiceDate]]),"") -> 2024
A100: AP10098 | B100: Payable | C100: Global Office | D100: 45568 | E100: 45598 | F100: 4508.92 | G100: CAD | H100: Paid | I100: 45598 | J100: 0 | L100: 770 | O100: Net 30 | P100: AP | Q100: =IF(Table4[[#This Row],[DaysLate]]="","NA",IF(Table4[[#This Row],[DaysLate]]<=0,"On Time",IF(Table4[[#This Row],[DaysLate]]<=30,"1-30 Days",IF(Table4[[#This Row],[DaysLate]]<=60,"30-60 Days",IF(Table4[[#This Row],[DaysLate]]<=90,"60-90 Days","90+ Days"))))) -> On Time | R100: =IF(Table4[[#This Row],[DaysLate]]="","",IF(Table4[[#This Row],[DaysLate]]>0,1,0)) -> 0 | S100: =IF(Table4[[#This Row],[DisputedFlag]]="","",IF(Table4[[#This Row],[DisputedFlag]]="Yes",1,0)) | T100: =IF(Table4[[#This Row],[PaymentStatus]]="Open",1,0) -> 0 | U100: =IF(Table4[[#This Row],[InvoiceDate]]<>"",YEAR(Table4[[#This Row],[InvoiceDate]]),"") -> 2024
...

Sheet AR_Raw
A1: countryCode | B1: customerID | C1: PaperlessDate | D1: invoiceNumber | E1: InvoiceDate | F1: DueDate | G1: InvoiceAmount | H1: Disputed | I1: SettledDate | J1: PaperlessBill | K1: DaysToSettle | L1: DaysLate
A2: 391 | B2: 0379-NEVHP | C2: 41429 | D2: 611365 | E2: 41306 | F2: 41276 | G2: 55.94 | H2: No | I2: 41306 | J2: Paper | K2: 13 | L2: 0
A3: 406 | B3: 8976-AMJEO | C3: 40971 | D3: 7900770 | E3: 41300 | F3: 41330 | G3: 61.74 | H3: Yes | I3: 41300 | J3: Electronic | K3: 36 | L3: 0
A4: 391 | B4: 2820-XGXSB | C4: 40934 | D4: 9231909 | E4: 41340 | F4: 41313 | G4: 65.88 | H4: No | I4: 41340 | J4: Electronic | K4: 5 | L4: 0
A5: 406 | B5: 9322-YCTQO | C5: 41064 | D5: 9888306 | E5: 41549 | F5: 41611 | G5: 105.92 | H5: No | I5: 41549 | J5: Electronic | K5: 35 | L5: 5
A6: 818 | B6: 6627-ELFBK | C6: 41239 | D6: 15752855 | E6: 41207 | F6: 41237 | G6: 72.27 | H6: Yes | I6: 41207 | J6: Paper | K6: 34 | L6: 4
A7: 818 | B7: 5148-SYKLB | C7: 41514 | D7: 18104516 | E7: 40935 | F7: 40965 | G7: 94 | H7: Yes | I7: 40935 | J7: Paper | K7: 26 | L7: 0
A8: 897 | B8: 8690-EEBEO | C8: 41041 | D8: 23864272 | E8: 41499 | F8: 41617 | G8: 74.69 | H8: No | I8: 41499 | J8: Electronic | K8: 27 | L8: 0
A9: 770 | B9: 4460-ZXNDN | C9: 41452 | D9: 27545037 | E9: 41259 | F9: 41289 | G9: 75.06 | H9: No | I9: 41259 | J9: Paper | K9: 27 | L9: 0
A10: 770 | B10: 3831-FXWYK | C10: 41489 | D10: 28049695 | E10: 41043 | F10: 41073 | G10: 80.07 | H10: Yes | I10: 41043 | J10: Paper | K10: 48 | L10: 18
A11: 897 | B11: 7654-DOLHO | C11: 41003 | D11: 32277701 | E11: 41281 | F11: 41486 | G11: 48.33 | H11: No | I11: 41281 | J11: Electronic | K11: 25 | L11: 0
A12: 770 | B12: 3993-QUNVJ | C12: 41274 | D12: 35868002 | E12: 40999 | F12: 41029 | G12: 75.33 | H12: No | I12: 40999 | J12: Paper | K12: 16 | L12: 0
A13: 406 | B13: 5284-DJOZO | C13: 41222 | D13: 36478577 | E13: 41463 | F13: 41434 | G13: 73.35 | H13: No | I13: 41463 | J13: Electronic | K13: 8 | L13: 0
... A2467: 406 | B2467: 9758-AIEIK | C2467: 41022 | D2467: 9990243864 | E2467: 41371 | F2467: 41341 | G2467: 68.66 | H2467: No | I2467: 41371 | J2467: Electronic | K2467: 14 | L2467: 0

Sheet AR_Transformed
A1: TransactionID | B1: TransactionType | C1: PartyName | D1: InvoiceDate | E1: DueDate | F1: Amount | G1: Currency | H1: PaymentStatus | I1: PaidDate | J1: DaysLate | K1: DisputedFlag | L1: Country | M1: PaperlessDate | N1: PaperlessBill | O1: Terms | P1: DatasetSource
A2: 391 | B2: Receivables | C2: 0379-NEVHP | D2: 41306 | E2: 41276 | F2: 55.94 | H2: Paid | I2: 41306 | J2: 0 | K2: No | L2: 391 | M2: 41429 | N2: Paper | P2: AR
A3: 406 | B3: Receivables | C3: 8976-AMJEO | D3: 41300 | E3: 41330 | F3: 61.74 | H3: Paid | I3: 41300 | J3: 0 | K3: Yes | L3: 406 | M3: 40971 | N3: Electronic | P3: AR
A4: 391 | B4: Receivables | C4: 2820-XGXSB | D4: 41340 | E4: 41313 | F4: 65.88 | H4: Paid | I4: 41340 | J4: 0 | K4: No | L4: 391 | M4: 40934 | N4: Electronic | P4: AR
A5: 406 | B5: Receivables | C5: 9322-YCTQO | D5: 41549 | E5: 41611 | F5: 105.92 | H5: Paid | I5: 41549 | J5: 5 | K5: No | L5: 406 | M5: 41064 | N5: Electronic | P5: AR
A6: 818 | B6: Receivables | C6: 6627-ELFBK | D6: 41207 | E6: 41237 | F6: 72.27 | H6: Paid | I6: 41207 | J6: 4 | K6: Yes | L6: 818 | M6: 41239 | N6: Paper | P6: AR
A7: 818 | B7: Receivables | C7: 5148-SYKLB | D7: 40935 | E7: 40965 | F7: 94 | H7: Paid | I7: 40935 | J7: 0 | K7: Yes | L7: 818 | M7: 41514 | N7: Paper | P7: AR
A8: 897 | B8: Receivables | C8: 8690-EEBEO | D8: 41499 | E8: 41617 | F8: 74.69 | H8: Paid | I8: 41499 | J8: 0 | K8: No | L8: 897 | M8: 41041 | N8: Electronic | P8: AR
A9: 770 | B9: Receivables | C9: 4460-ZXNDN | D9: 41259 | E9: 41289 | F9: 75.06 | H9: Paid | I9: 41259 | J9: 0 | K9: No | L9: 770 | M9: 41452 | N9: Paper | P9: AR
A10: 770 | B10: Receivables | C10: 3831-FXWYK | D10: 41043 | E10: 41073 | F10: 80.07 | H10: Paid | I10: 41043 | J10: 18 | K10: Yes | L10: 770 | M10: 41489 | N10: Paper | P10: AR
A11: 897 | B11: Receivables | C11: 7654-DOLHO | D11: 41281 | E11: 41486 | F11: 48.33 | H11: Paid | I11: 41281 | J11: 0 | K11: No | L11: 897 | M11: 41003 | N11: Electronic | P11: AR
A12: 770 | B12: Receivables | C12: 3993-QUNVJ | D12: 40999 | E12: 41029 | F12: 75.33 | H12: Paid | I12: 40999 | J12: 0 | K12: No | L12: 770 | M12: 41274 | N12: Paper | P12: AR
A13: 406 | B13: Receivables | C13: 5284-DJOZO | D13: 41463 | E13: 41434 | F13: 73.35 | H13: Paid | I13: 41463 | J13: 0 | K13: No | L13: 406 | M13: 41222 | N13: Electronic | P13: AR
... A2467: 406 | B2467: Receivables | C2467: 9758-AIEIK | D2467: 41371 | E2467: 41341 | F2467: 68.66 | H2467: Paid | I2467: 41371 | J2467: 0 | K2467: No | L2467: 406 | M2467: 41022 | N2467: Electronic | P2467: AR

Sheet AP_Raw
A1: APID | B1: Vendor | C1: InvoiceDate | D1: DueDate | E1: Amount | F1: Currency | G1: Status | H1: PaidDate | I1: Terms | J1: Days late
A2: AP10000 | B2: BluePrints | C2: 45642 | D2: 45672 | E2: 344.25 | F2: EUR | G2: Open | I2: Net 30 | J2: =IF(H2<>"",MAX(H2-D2,0),"")
A3: AP10001 | B3: BluePrints | C3: 45430 | D3: 45460 | E3: 3298.38 | F3: CAD | G3: Partial | I3: Net 30 | J3: =IF(H3<>"",MAX(H3-D3,0),"")
A4: AP10002 | B4: Fast Travel | C4: 45347 | D4: 45377 | E4: 1023.43 | F4: GBP | G4: Open | I4: Net 30 | J4: =IF(H4<>"",MAX(H4-D4,0),"")
A5: AP10003 | B5: ABC Supplies | C5: 45299 | D5: 45329 | E5: 4433.05 | F5: USD | G5: Partial | I5: Net 30 | J5: =IF(H5<>"",MAX(H5-D5,0),"")
A6: AP10004 | B6: ABC Supplies | C6: 45435 | D6: 45465 | E6: 4345.14 | F6: GBP | G6: Partial | I6: Net 30 | J6: =IF(H6<>"",MAX(H6-D6,0),"")
A7: AP10005 | B7: Fast Travel | C7: 45482 | D7: 45512 | E7: 1599.18 | F7: AUD | G7: Open | I7: Net 30 | J7: =IF(H7<>"",MAX(H7-D7,0),"")
A8: AP10006 | B8: BluePrints | C8: 45646 | D8: 45676 | E8: 894.13 | F8: USD | G8: Open | I8: Net 30 | J8: =IF(H8<>"",MAX(H8-D8,0),"")
A9: AP10007 | B9: Fast Travel | C9: 45560 | D9: 45590 | E9: 1303.06 | F9: GBP | G9: Paid | H9: 45593 | I9: Net 30 | J9: =IF(H9<>"",MAX(H9-D9,0),"") -> 3
A10: AP10008 | B10: ABC Supplies | C10: 45334 | D10: 45364 | E10: 3481.8 | F10: CAD | G10: Paid | H10: 45367 | I10: Net 30 | J10: =IF(H10<>"",MAX(H10-D10,0),"") -> 3
A11: AP10009 | B11: ABC Supplies | C11: 45470 | D11: 45500 | E11: 217.97 | F11: USD | G11: Open | I11: Net 30 | J11: =IF(H11<>"",MAX(H11-D11,0),"")
A12: AP10010 | B12: BluePrints | C12: 45360 | D12: 45390 | E12: 1809.07 | F12: EUR | G12: Partial | I12: Net 30 | J12: =IF(H12<>"",MAX(H12-D12,0),"")
A13: AP10011 | B13: BluePrints | C13: 45575 | D13: 45605 | E13: 884.1 | F13: USD | G13: Open | I13: Net 30 | J13: =IF(H13<>"",MAX(H13-D13,0),"")
A14: AP10012 | B14: ABC Supplies | C14: 45065 | D14: 45095 | E14: 1491.7 | F14: GBP | G14: Open | I14: Net 30 | J14: =IF(H14<>"",MAX(H14-D14,0),"")
A15: AP10013 | B15: ABC Supplies | C15: 45249 | D15: 45279 | E15: 4212.17 | F15: AUD | G15: Paid | H15: 45285 | I15: Net 30 | J15: =IF(H15<>"",MAX(H15-D15,0),"") -> 6
A16: AP10014 | B16: BluePrints | C16: 45417 | D16: 45447 | E16: 1632.82 | F16: GBP | G16: Open | I16: Net 30 | J16: =IF(H16<>"",MAX(H16-D16,0),"")
A17: AP10015 | B17: BluePrints | C17: 45081 | D17: 45111 | E17: 1887.67 | F17: EUR | G17: Paid | H17: 45111 | I17: Net 30 | J17: =IF(H17<>"",MAX(H17-D17,0),"") -> 0
A18: AP10016 | B18: BluePrints | C18: 45270 | D18: 45300 | E18: 1721.41 | F18: GBP | G18: Open | I18: Net 30 | J18: =IF(H18<>"",MAX(H18-D18,0),"")
A19: AP10017 | B19: Global Office | C19: 45656 | D19: 45686 | E19: 2941.63 | F19: USD | G19: Open | I19: Net 30 | J19: =IF(H19<>"",MAX(H19-D19,0),"")
A20: AP10018 | B20: Fast Travel | C20: 45470 | D20: 45500 | E20: 889.44 | F20: USD | G20: Paid | H20: 45500 | I20: Net 30 | J20: =IF(H20<>"",MAX(H20-D20,0),"") -> 0
A21: AP10019 | B21: Fast Travel | C21: 45744 | D21: 45774 | E21: 1539.53 | F21: AUD | G21: Partial | I21: Net 30 | J21: =IF(H21<>"",MAX(H21-D21,0),"")
A22: AP10020 | B22: TechMart | C22: 45121 | D22: 45151 | E22: 996.27 | F22: AUD | G22: Open | I22: Net 30 | J22: =IF(H22<>"",MAX(H22-D22,0),"")
A23: AP10021 | B23: TechMart | C23: 45105 | D23: 45135 | E23: 2450.1 | F23: CAD | G23: Partial | I23: Net 30 | J23: =IF(H23<>"",MAX(H23-D23,0),"")
A24: AP10022 | B24: Global Office | C24: 45653 | D24: 45683 | E24: 797.8 | F24: CAD | G24: Open | I24: Net 30 | J24: =IF(H24<>"",MAX(H24-D24,0),"")
A25: AP10023 | B25: BluePrints | C25: 45062 | D25: 45092 | E25: 4237.65 | F25: GBP | G25: Partial | I25: Net 30 | J25: =IF(H25<>"",MAX(H25-D25,0),"")
A26: AP10024 | B26: Global Office | C26: 45199 | D26: 45229 | E26: 665.06 | F26: AUD | G26: Open | I26: Net 30 | J26: =IF(H26<>"",MAX(H26-D26,0),"")
A27: AP10025 | B27: Global Office | C27: 45640 | D27: 45670 | E27: 3849.16 | F27: GBP | G27: Partial | I27: Net 30 | J27: =IF(H27<>"",MAX(H27-D27,0),"")
A28: AP10026 | B28: BluePrints | C28: 45124 | D28: 45154 | E28: 4411.88 | F28: CAD | G28: Paid | H28: 45154 | I28: Net 30 | J28: =IF(H28<>"",MAX(H28-D28,0),"") -> 0
A29: AP10027 | B29: Fast Travel | C29: 45376 | D29: 45406 | E29: 296.65 | F29: USD | G29: Paid | H29: 45411 | I29: Net 30 | J29: =IF(H29<>"",MAX(H29-D29,0),"") -> 5
A30: AP10028 | B30: TechMart | C30: 45593 | D30: 45623 | E30: 3099.8 | F30: GBP | G30: Open | I30: Net 30 | J30: =IF(H30<>"",MAX(H30-D30,0),"")
A31: AP10029 | B31: Global Office | C31: 44991 | D31: 45021 | E31: 4007.29 | F31: CAD | G31: Open | I31: Net 30 | J31: =IF(H31<>"",MAX(H31-D31,0),"")
A32: AP10030 | B32: Fast Travel | C32: 45335 | D32: 45365 | E32: 2884.32 | F32: CAD | G32: Partial | I32: Net 30 | J32: =IF(H32<>"",MAX(H32-D32,0),"")
A33: AP10031 | B33: Fast Travel | C33: 45000 | D33: 45030 | E33: 4830.24 | F33: EUR | G33: Paid | H33: 45030 | I33: Net 30 | J33: =IF(H33<>"",MAX(H33-D33,0),"") -> 0
A34: AP10032 | B34: Global Office | C34: 45210 | D34: 45240 | E34: 4841.22 | F34: USD | G34: Paid | H34: 45240 | I34: Net 30 | J34: =IF(H34<>"",MAX(H34-D34,0),"") -> 0
A35: AP10033 | B35: ABC Supplies | C35: 45598 | D35: 45628 | E35: 3601.17 | F35: AUD | G35: Open | I35: Net 30 | J35: =IF(H35<>"",MAX(H35-D35,0),"")
A36: AP10034 | B36: Fast Travel | C36: 45668 | D36: 45698 | E36: 3913.65 | F36: GBP | G36: Paid | H36: 45698 | I36: Net 30 | J36: =IF(H36<>"",MAX(H36-D36,0),"") -> 0
A37: AP10035 | B37: ABC Supplies | C37: 45025 | D37: 45055 | E37: 1117.52 | F37: CAD | G37: Open | I37: Net 30 | J37: =IF(H37<>"",MAX(H37-D37,0),"")
A38: AP10036 | B38: BluePrints | C38: 45128 | D38: 45158 | E38: 4178.2 | F38: CAD | G38: Partial | I38: Net 30 | J38: =IF(H38<>"",MAX(H38-D38,0),"")
A39: AP10037 | B39: Global Office | C39: 45504 | D39: 45534 | E39: 504.02 | F39: USD | G39: Partial | I39: Net 30 | J39: =IF(H39<>"",MAX(H39-D39,0),"")
A40: AP10038 | B40: BluePrints | C40: 44934 | D40: 44964 | E40: 3156.05 | F40: GBP | G40: Open | I40: Net 30 | J40: =IF(H40<>"",MAX(H40-D40,0),"")
A41: AP10039 | B41: Global Office | C41: 45108 | D41: 45138 | E41: 3284.77 | F41: EUR | G41: Partial | I41: Net 30 | J41: =IF(H41<>"",MAX(H41-D41,0),"")
A42: AP10040 | B42: Global Office | C42: 45801 | D42: 45831 | E42: 4519.76 | F42: USD | G42: Open | I42: Net 30 | J42: =IF(H42<>"",MAX(H42-D42,0),"")
A43: AP10041 | B43: BluePrints | C43: 45313 | D43: 45343 | E43: 4094.28 | F43: EUR | G43: Partial | I43: Net 30 | J43: =IF(H43<>"",MAX(H43-D43,0),"")
A44: AP10042 | B44: BluePrints | C44: 44967 | D44: 44997 | E44: 3097.79 | F44: EUR | G44: Paid | H44: 45005 | I44: Net 30 | J44: =IF(H44<>"",MAX(H44-D44,0),"") -> 8
A45: AP10043 | B45: Fast Travel | C45: 45809 | D45: 45839 | E45: 1415.24 | F45: AUD | G45: Partial | I45: Net 30 | J45: =IF(H45<>"",MAX(H45-D45,0),"")
A46: AP10044 | B46: BluePrints | C46: 45102 | D46: 45132 | E46: 3224.33 | F46: GBP | G46: Partial | I46: Net 30 | J46: =IF(H46<>"",MAX(H46-D46,0),"")
A47: AP10045 | B47: TechMart | C47: 45103 | D47: 45133 | E47: 1164.49 | F47: USD | G47: Partial | I47: Net 30 | J47: =IF(H47<>"",MAX(H47-D47,0),"")
A48: AP10046 | B48: TechMart | C48: 45668 | D48: 45698 | E48: 2557.61 | F48: USD | G48: Paid | H48: 45698 | I48: Net 30 | J48: =IF(H48<>"",MAX(H48-D48,0),"") -> 0
A49: AP10047 | B49: BluePrints | C49: 45682 | D49: 45712 | E49: 393.4 | F49: GBP | G49: Open | I49: Net 30 | J49: =IF(H49<>"",MAX(H49-D49,0),"")
A50: AP10048 | B50: Global Office | C50: 45733 | D50: 45763 | E50: 2307.05 | F50: CAD | G50: Paid | H50: 45763 | I50: Net 30 | J50: =IF(H50<>"",MAX(H50-D50,0),"") -> 0
A51: AP10049 | B51: BluePrints | C51: 45197 | D51: 45227 | E51: 728.35 | F51: GBP | G51: Paid | H51: 45240 | I51: Net 30 | J51: =IF(H51<>"",MAX(H51-D51,0),"") -> 13
A52: AP10050 | B52: Fast Travel | C52: 45801 | D52: 45831 | E52: 3580.44 | F52: GBP | G52: Open | I52: Net 30 | J52: =IF(H52<>"",MAX(H52-D52,0),"")
A53: AP10051 | B53: BluePrints | C53: 45382 | D53: 45412 | E53: 1527.67 | F53: AUD | G53: Paid | H53: 45412 | I53: Net 30 | J53: =IF(H53<>"",MAX(H53-D53,0),"") -> 0
A54: AP10052 | B54: BluePrints | C54: 45039 | D54: 45069 | E54: 3014.35 | F54: CAD | G54: Paid | H54: 45069 | I54: Net 30 | J54: =IF(H54<>"",MAX(H54-D54,0),"") -> 0
A55: AP10053 | B55: ABC Supplies | C55: 45162 | D55: 45192 | E55: 3099.88 | F55: CAD | G55: Partial | I55: Net 30 | J55: =IF(H55<>"",MAX(H55-D55,0),"")
A56: AP10054 | B56: BluePrints | C56: 45055 | D56: 45085 | E56: 1484.54 | F56: AUD | G56: Partial | I56: Net 30 | J56: =IF(H56<>"",MAX(H56-D56,0),"")
A57: AP10055 | B57: TechMart | C57: 45279 | D57: 45309 | E57: 2922.4 | F57: AUD | G57: Partial | I57: Net 30 | J57: =IF(H57<>"",MAX(H57-D57,0),"")
A58: AP10056 | B58: Global Office | C58: 45238 | D58: 45268 | E58: 422.98 | F58: USD | G58: Paid | H58: 45268 | I58: Net 30 | J58: =IF(H58<>"",MAX(H58-D58,0),"") -> 0
A59: AP10057 | B59: BluePrints | C59: 44929 | D59: 44959 | E59: 2784.23 | F59: USD | G59: Partial | I59: Net 30 | J59: =IF(H59<>"",MAX(H59-D59,0),"")
A60: AP10058 | B60: TechMart | C60: 45462 | D60: 45492 | E60: 2946.12 | F60: CAD | G60: Open | I60: Net 30 | J60: =IF(H60<>"",MAX(H60-D60,0),"")
A61: AP10059 | B61: BluePrints | C61: 45725 | D61: 45755 | E61: 578.58 | F61: GBP | G61: Partial | I61: Net 30 | J61: =IF(H61<>"",MAX(H61-D61,0),"")
A62: AP10060 | B62: BluePrints | C62: 45440 | D62: 45470 | E62: 3849.56 | F62: GBP | G62: Paid | H62: 45483 | I62: Net 30 | J62: =IF(H62<>"",MAX(H62-D62,0),"") -> 13
A63: AP10061 | B63: BluePrints | C63: 45408 | D63: 45438 | E63: 2055.53 | F63: CAD | G63: Partial | I63: Net 30 | J63: =IF(H63<>"",MAX(H63-D63,0),"")
A64: AP10062 | B64: ABC Supplies | C64: 44981 | D64: 45011 | E64: 2185.32 | F64: AUD | G64: Paid | H64: 45011 | I64: Net 30 | J64: =IF(H64<>"",MAX(H64-D64,0),"") -> 0
A65: AP10063 | B65: BluePrints | C65: 45703 | D65: 45733 | E65: 3382.98 | F65: GBP | G65: Paid | H65: 45733 | I65: Net 30 | J65: =IF(H65<>"",MAX(H65-D65,0),"") -> 0
A66: AP10064 | B66: Fast Travel | C66: 45404 | D66: 45434 | E66: 3571.55 | F66: GBP | G66: Partial | I66: Net 30 | J66: =IF(H66<>"",MAX(H66-D66,0),"")
A67: AP10065 | B67: ABC Supplies | C67: 45762 | D67: 45792 | E67: 2137.45 | F67: USD | G67: Open | I67: Net 30 | J67: =IF(H67<>"",MAX(H67-D67,0),"")
A68: AP10066 | B68: TechMart | C68: 45697 | D68: 45727 | E68: 3793.28 | F68: USD | G68: Paid | H68: 45727 | I68: Net 30 | J68: =IF(H68<>"",MAX(H68-D68,0),"") -> 0
A69: AP10067 | B69: BluePrints | C69: 45660 | D69: 45690 | E69: 2973.27 | F69: CAD | G69: Paid | H69: 45690 | I69: Net 30 | J69: =IF(H69<>"",MAX(H69-D69,0),"") -> 0
A70: AP10068 | B70: BluePrints | C70: 45497 | D70: 45527 | E70: 4968.32 | F70: USD | G70: Open | I70: Net 30 | J70: =IF(H70<>"",MAX(H70-D70,0),"")
A71: AP10069 | B71: BluePrints | C71: 44958 | D71: 44988 | E71: 4336.91 | F71: USD | G71: Open | I71: Net 30 | J71: =IF(H71<>"",MAX(H71-D71,0),"")
A72: AP10070 | B72: TechMart | C72: 45629 | D72: 45659 | E72: 2479.95 | F72: USD | G72: Paid | H72: 45659 | I72: Net 30 | J72: =IF(H72<>"",MAX(H72-D72,0),"") -> 0
A73: AP10071 | B73: TechMart | C73: 45821 | D73: 45851 | E73: 2498.69 | F73: USD | G73: Open | I73: Net 30 | J73: =IF(H73<>"",MAX(H73-D73,0),"")
A74: AP10072 | B74: Fast Travel | C74: 45597 | D74: 45627 | E74: 2106.66 | F74: CAD | G74: Paid | H74: 45657 | I74: Net 30 | J74: =IF(H74<>"",MAX(H74-D74,0),"") -> 30
A75: AP10073 | B75: BluePrints | C75: 45092 | D75: 45122 | E75: 2082.92 | F75: AUD | G75: Partial | I75: Net 30 | J75: =IF(H75<>"",MAX(H75-D75,0),"")
A76: AP10074 | B76: ABC Supplies | C76: 45187 | D76: 45217 | E76: 3536.09 | F76: USD | G76: Paid | H76: 45217 | I76: Net 30 | J76: =IF(H76<>"",MAX(H76-D76,0),"") -> 0
A77: AP10075 | B77: BluePrints | C77: 45661 | D77: 45691 | E77: 3984.82 | F77: CAD | G77: Open | I77: Net 30 | J77: =IF(H77<>"",MAX(H77-D77,0),"")
A78: AP10076 | B78: TechMart | C78: 45068 | D78: 45098 | E78: 1175.94 | F78: USD | G78: Partial | I78: Net 30 | J78: =IF(H78<>"",MAX(H78-D78,0),"")
A79: AP10077 | B79: Global Office | C79: 45556 | D79: 45586 | E79: 1596.04 | F79: AUD | G79: Paid | H79: 45586 | I79: Net 30 | J79: =IF(H79<>"",MAX(H79-D79,0),"") -> 0
A80: AP10078 | B80: Global Office | C80: 45401 | D80: 45431 | E80: 1687.52 | F80: USD | G80: Paid | H80: 45431 | I80: Net 30 | J80: =IF(H80<>"",MAX(H80-D80,0),"") -> 0
A81: AP10079 | B81: Global Office | C81: 45161 | D81: 45191 | E81: 1247.56 | F81: USD | G81: Paid | H81: 45191 | I81: Net 30 | J81: =IF(H81<>"",MAX(H81-D81,0),"") -> 0
A82: AP10080 | B82: ABC Supplies | C82: 45811 | D82: 45841 | E82: 3330.96 | F82: AUD | G82: Partial | I82: Net 30 | J82: =IF(H82<>"",MAX(H82-D82,0),"")
A83: AP10081 | B83: TechMart | C83: 45561 | D83: 45591 | E83: 1612.59 | F83: EUR | G83: Open | I83: Net 30 | J83: =IF(H83<>"",MAX(H83-D83,0),"")
A84: AP10082 | B84: Global Office | C84: 45458 | D84: 45488 | E84: 1096.08 | F84: CAD | G84: Partial | I84: Net 30 | J84: =IF(H84<>"",MAX(H84-D84,0),"")
A85: AP10083 | B85: ABC Supplies | C85: 45423 | D85: 45453 | E85: 1927.05 | F85: USD | G85: Partial | I85: Net 30 | J85: =IF(H85<>"",MAX(H85-D85,0),"")
A86: AP10084 | B86: ABC Supplies | C86: 45082 | D86: 45112 | E86: 1169.93 | F86: USD | G86: Open | I86: Net 30 | J86: =IF(H86<>"",MAX(H86-D86,0),"")
A87: AP10085 | B87: TechMart | C87: 45820 | D87: 45850 | E87: 662.31 | F87: GBP | G87: Open | I87: Net 30 | J87: =IF(H87<>"",MAX(H87-D87,0),"")
A88: AP10086 | B88: TechMart | C88: 45111 | D88: 45141 | E88: 3443.5 | F88: CAD | G88: Paid | H88: 45141 | I88: Net 30 | J88: =IF(H88<>"",MAX(H88-D88,0),"") -> 0
A89: AP10087 | B89: TechMart | C89: 45456 | D89: 45486 | E89: 3290.86 | F89: CAD | G89: Paid | H89: 45486 | I89: Net 30 | J89: =IF(H89<>"",MAX(H89-D89,0),"") -> 0
A90: AP10088 | B90: TechMart | C90: 45737 | D90: 45767 | E90: 1872.61 | F90: EUR | G90: Open | I90: Net 30 | J90: =IF(H90<>"",MAX(H90-D90,0),"")
A91: AP10089 | B91: TechMart | C91: 45520 | D91: 45550 | E91: 307.49 | F91: GBP | G91: Open | I91: Net 30 | J91: =IF(H91<>"",MAX(H91-D91,0),"")
A92: AP10090 | B92: TechMart | C92: 45403 | D92: 45433 | E92: 211.08 | F92: AUD | G92: Partial | I92: Net 30 | J92: =IF(H92<>"",MAX(H92-D92,0),"")
A93: AP10091 | B93: TechMart | C93: 44966 | D93: 44996 | E93: 2052.01 | F93: EUR | G93: Open | I93: Net 30 | J93: =IF(H93<>"",MAX(H93-D93,0),"")
A94: AP10092 | B94: TechMart | C94: 45071 | D94: 45101 | E94: 4091.87 | F94: AUD | G94: Open | I94: Net 30 | J94: =IF(H94<>"",MAX(H94-D94,0),"")
A95: AP10093 | B95: Global Office | C95: 45227 | D95: 45257 | E95: 1321.04 | F95: AUD | G95: Open | I95: Net 30 | J95: =IF(H95<>"",MAX(H95-D95,0),"")
A96: AP10094 | B96: BluePrints | C96: 45088 | D96: 45118 | E96: 4205.21 | F96: AUD | G96: Paid | H96: 45118 | I96: Net 30 | J96: =IF(H96<>"",MAX(H96-D96,0),"") -> 0
A97: AP10095 | B97: Fast Travel | C97: 45426 | D97: 45456 | E97: 4804.12 | F97: CAD | G97: Open | I97: Net 30 | J97: =IF(H97<>"",MAX(H97-D97,0),"")
A98: AP10096 | B98: Fast Travel | C98: 45442 | D98: 45472 | E98: 2179.34 | F98: USD | G98: Paid | H98: 45472 | I98: Net 30 | J98: =IF(H98<>"",MAX(H98-D98,0),"") -> 0
A99: AP10097 | B99: ABC Supplies | C99: 45350 | D99: 45380 | E99: 2918.59 | F99: CAD | G99: Open | I99: Net 30 | J99: =IF(H99<>"",MAX(H99-D99,0),"")
A100: AP10098 | B100: Global Office | C100: 45568 | D100: 45598 | E100: 4508.92 | F100: CAD | G100: Paid | H100: 45598 | I100: Net 30 | J100: =IF(H100<>"",MAX(H100-D100,0),"") -> 0
...

Sheet AP_Transformed
A1: TransactionID | B1: TransactionType | C1: PartyName | D1: InvoiceDate | E1: DueDate | F1: Amount | G1: Currency | H1: PaymentStatus | I1: PaidDate | J1: DaysLate | K1: DisputedFlag | L1: Country | M1: PaperlessDate | N1: PaperlessBill | O1: Terms | P1: DatasetSource
A2: AP10000 | B2: Payable | C2: BluePrints | D2: 45642 | E2: 45672 | F2: 344.25 | G2: EUR | H2: Open | I2: 0 | O2: Net 30 | P2: AP
A3: AP10001 | B3: Payable | C3: BluePrints | D3: 45430 | E3: 45460 | F3: 3298.38 | G3: CAD | H3: Partial | I3: 0 | O3: Net 30 | P3: AP
A4: AP10002 | B4: Payable | C4: Fast Travel | D4: 45347 | E4: 45377 | F4: 1023.43 | G4: GBP | H4: Open | I4: 0 | O4: Net 30 | P4: AP
A5: AP10003 | B5: Payable | C5: ABC Supplies | D5: 45299 | E5: 45329 | F5: 4433.05 | G5: USD | H5: Partial | I5: 0 | O5: Net 30 | P5: AP
A6: AP10004 | B6: Payable | C6: ABC Supplies | D6: 45435 | E6: 45465 | F6: 4345.14 | G6: GBP | H6: Partial | I6: 0 | O6: Net 30 | P6: AP
A7: AP10005 | B7: Payable | C7: Fast Travel | D7: 45482 | E7: 45512 | F7: 1599.18 | G7: AUD | H7: Open | I7: 0 | O7: Net 30 | P7: AP
A8: AP10006 | B8: Payable | C8: BluePrints | D8: 45646 | E8: 45676 | F8: 894.13 | G8: USD | H8: Open | I8: 0 | O8: Net 30 | P8: AP
A9: AP10007 | B9: Payable | C9: Fast Travel | D9: 45560 | E9: 45590 | F9: 1303.06 | G9: GBP | H9: Paid | I9: 45593 | J9: 3 | O9: Net 30 | P9: AP
A10: AP10008 | B10: Payable | C10: ABC Supplies | D10: 45334 | E10: 45364 | F10: 3481.8 | G10: CAD | H10: Paid | I10: 45367 | J10: 3 | O10: Net 30 | P10: AP
A11: AP10009 | B11: Payable | C11: ABC Supplies | D11: 45470 | E11: 45500 | F11: 217.97 | G11: USD | H11: Open | I11: 0 | O11: Net 30 | P11: AP
A12: AP10010 | B12: Payable | C12: BluePrints | D12: 45360 | E12: 45390 | F12: 1809.07 | G12: EUR | H12: Partial | I12: 0 | O12: Net 30 | P12: AP
A13: AP10011 | B13: Payable | C13: BluePrints | D13: 45575 | E13: 45605 | F13: 884.1 | G13: USD | H13: Open | I13: 0 | O13: Net 30 | P13: AP
A14: AP10012 | B14: Payable | C14: ABC Supplies | D14: 45065 | E14: 45095 | F14: 1491.7 | G14: GBP | H14: Open | I14: 0 | O14: Net 30 | P14: AP
A15: AP10013 | B15: Payable | C15: ABC Supplies | D15: 45249 | E15: 45279 | F15: 4212.17 | G15: AUD | H15: Paid | I15: 45285 | J15: 6 | O15: Net 30 | P15: AP
A16: AP10014 | B16: Payable | C16: BluePrints | D16: 45417 | E16: 45447 | F16: 1632.82 | G16: GBP | H16: Open | I16: 0 | O16: Net 30 | P16: AP
A17: AP10015 | B17: Payable | C17: BluePrints | D17: 45081 | E17: 45111 | F17: 1887.67 | G17: EUR | H17: Paid | I17: 45111 | J17: 0 | O17: Net 30 | P17: AP
A18: AP10016 | B18: Payable | C18: BluePrints | D18: 45270 | E18: 45300 | F18: 1721.41 | G18: GBP | H18: Open | I18: 0 | O18: Net 30 | P18: AP
A19: AP10017 | B19: Payable | C19: Global Office | D19: 45656 | E19: 45686 | F19: 2941.63 | G19: USD | H19: Open | I19: 0 | O19: Net 30 | P19: AP
A20: AP10018 | B20: Payable | C20: Fast Travel | D20: 45470 | E20: 45500 | F20: 889.44 | G20: USD | H20: Paid | I20: 45500 | J20: 0 | O20: Net 30 | P20: AP
A21: AP10019 | B21: Payable | C21: Fast Travel | D21: 45744 | E21: 45774 | F21: 1539.53 | G21: AUD | H21: Partial | I21: 0 | O21: Net 30 | P21: AP
A22: AP10020 | B22: Payable | C22: TechMart | D22: 45121 | E22: 45151 | F22: 996.27 | G22: AUD | H22: Open | I22: 0 | O22: Net 30 | P22: AP
A23: AP10021 | B23: Payable | C23: TechMart | D23: 45105 | E23: 45135 | F23: 2450.1 | G23: CAD | H23: Partial | I23: 0 | O23: Net 30 | P23: AP
A24: AP10022 | B24: Payable | C24: Global Office | D24: 45653 | E24: 45683 | F24: 797.8 | G24: CAD | H24: Open | I24: 0 | O24: Net 30 | P24: AP
A25: AP10023 | B25: Payable | C25: BluePrints | D25: 45062 | E25: 45092 | F25: 4237.65 | G25: GBP | H25: Partial | I25: 0 | O25: Net 30 | P25: AP
A26: AP10024 | B26: Payable | C26: Global Office | D26: 45199 | E26: 45229 | F26: 665.06 | G26: AUD | H26: Open | I26: 0 | O26: Net 30 | P26: AP
A27: AP10025 | B27: Payable | C27: Global Office | D27: 45640 | E27: 45670 | F27: 3849.16 | G27: GBP | H27: Partial | I27: 0 | O27: Net 30 | P27: AP
A28: AP10026 | B28: Payable | C28: BluePrints | D28: 45124 | E28: 45154 | F28: 4411.88 | G28: CAD | H28: Paid | I28: 45154 | J28: 0 | O28: Net 30 | P28: AP
A29: AP10027 | B29: Payable | C29: Fast Travel | D29: 45376 | E29: 45406 | F29: 296.65 | G29: USD | H29: Paid | I29: 45411 | J29: 5 | O29: Net 30 | P29: AP
A30: AP10028 | B30: Payable | C30: TechMart | D30: 45593 | E30: 45623 | F30: 3099.8 | G30: GBP | H30: Open | I30: 0 | O30: Net 30 | P30: AP
A31: AP10029 | B31: Payable | C31: Global Office | D31: 44991 | E31: 45021 | F31: 4007.29 | G31: CAD | H31: Open | I31: 0 | O31: Net 30 | P31: AP
A32: AP10030 | B32: Payable | C32: Fast Travel | D32: 45335 | E32: 45365 | F32: 2884.32 | G32: CAD | H32: Partial | I32: 0 | O32: Net 30 | P32: AP
A33: AP10031 | B33: Payable | C33: Fast Travel | D33: 45000 | E33: 45030 | F33: 4830.24 | G33: EUR | H33: Paid | I33: 45030 | J33: 0 | O33: Net 30 | P33: AP
A34: AP10032 | B34: Payable | C34: Global Office | D34: 45210 | E34: 45240 | F34: 4841.22 | G34: USD | H34: Paid | I34: 45240 | J34: 0 | O34: Net 30 | P34: AP
A35: AP10033 | B35: Payable | C35: ABC Supplies | D35: 45598 | E35: 45628 | F35: 3601.17 | G35: AUD | H35: Open | I35: 0 | O35: Net 30 | P35: AP
A36: AP10034 | B36: Payable | C36: Fast Travel | D36: 45668 | E36: 45698 | F36: 3913.65 | G36: GBP | H36: Paid | I36: 45698 | J36: 0 | O36: Net 30 | P36: AP
A37: AP10035 | B37: Payable | C37: ABC Supplies | D37: 45025 | E37: 45055 | F37: 1117.52 | G37: CAD | H37: Open | I37: 0 | O37: Net 30 | P37: AP
A38: AP10036 | B38: Payable | C38: BluePrints | D38: 45128 | E38: 45158 | F38: 4178.2 | G38: CAD | H38: Partial | I38: 0 | O38: Net 30 | P38: AP
A39: AP10037 | B39: Payable | C39: Global Office | D39: 45504 | E39: 45534 | F39: 504.02 | G39: USD | H39: Partial | I39: 0 | O39: Net 30 | P39: AP
A40: AP10038 | B40: Payable | C40: BluePrints | D40: 44934 | E40: 44964 | F40: 3156.05 | G40: GBP | H40: Open | I40: 0 | O40: Net 30 | P40: AP
A41: AP10039 | B41: Payable | C41: Global Office | D41: 45108 | E41: 45138 | F41: 3284.77 | G41: EUR | H41: Partial | I41: 0 | O41: Net 30 | P41: AP
A42: AP10040 | B42: Payable | C42: Global Office | D42: 45801 | E42: 45831 | F42: 4519.76 | G42: USD | H42: Open | I42: 0 | O42: Net 30 | P42: AP
A43: AP10041 | B43: Payable | C43: BluePrints | D43: 45313 | E43: 45343 | F43: 4094.28 | G43: EUR | H43: Partial | I43: 0 | O43: Net 30 | P43: AP
A44: AP10042 | B44: Payable | C44: BluePrints | D44: 44967 | E44: 44997 | F44: 3097.79 | G44: EUR | H44: Paid | I44: 45005 | J44: 8 | O44: Net 30 | P44: AP
A45: AP10043 | B45: Payable | C45: Fast Travel | D45: 45809 | E45: 45839 | F45: 1415.24 | G45: AUD | H45: Partial | I45: 0 | O45: Net 30 | P45: AP
A46: AP10044 | B46: Payable | C46: BluePrints | D46: 45102 | E46: 45132 | F46: 3224.33 | G46: GBP | H46: Partial | I46: 0 | O46: Net 30 | P46: AP
A47: AP10045 | B47: Payable | C47: TechMart | D47: 45103 | E47: 45133 | F47: 1164.49 | G47: USD | H47: Partial | I47: 0 | O47: Net 30 | P47: AP
A48: AP10046 | B48: Payable | C48: TechMart | D48: 45668 | E48: 45698 | F48: 2557.61 | G48: USD | H48: Paid | I48: 45698 | J48: 0 | O48: Net 30 | P48: AP
A49: AP10047 | B49: Payable | C49: BluePrints | D49: 45682 | E49: 45712 | F49: 393.4 | G49: GBP | H49: Open | I49: 0 | O49: Net 30 | P49: AP
A50: AP10048 | B50: Payable | C50: Global Office | D50: 45733 | E50: 45763 | F50: 2307.05 | G50: CAD | H50: Paid | I50: 45763 | J50: 0 | O50: Net 30 | P50: AP
A51: AP10049 | B51: Payable | C51: BluePrints | D51: 45197 | E51: 45227 | F51: 728.35 | G51: GBP | H51: Paid | I51: 45240 | J51: 13 | O51: Net 30 | P51: AP
A52: AP10050 | B52: Payable | C52: Fast Travel | D52: 45801 | E52: 45831 | F52: 3580.44 | G52: GBP | H52: Open | I52: 0 | O52: Net 30 | P52: AP
A53: AP10051 | B53: Payable | C53: BluePrints | D53: 45382 | E53: 45412 | F53: 1527.67 | G53: AUD | H53: Paid | I53: 45412 | J53: 0 | O53: Net 30 | P53: AP
A54: AP10052 | B54: Payable | C54: BluePrints | D54: 45039 | E54: 45069 | F54: 3014.35 | G54: CAD | H54: Paid | I54: 45069 | J54: 0 | O54: Net 30 | P54: AP
A55: AP10053 | B55: Payable | C55: ABC Supplies | D55: 45162 | E55: 45192 | F55: 3099.88 | G55: CAD | H55: Partial | I55: 0 | O55: Net 30 | P55: AP
A56: AP10054 | B56: Payable | C56: BluePrints | D56: 45055 | E56: 45085 | F56: 1484.54 | G56: AUD | H56: Partial | I56: 0 | O56: Net 30 | P56: AP
A57: AP10055 | B57: Payable | C57: TechMart | D57: 45279 | E57: 45309 | F57: 2922.4 | G57: AUD | H57: Partial | I57: 0 | O57: Net 30 | P57: AP
A58: AP10056 | B58: Payable | C58: Global Office | D58: 45238 | E58: 45268 | F58: 422.98 | G58: USD | H58: Paid | I58: 45268 | J58: 0 | O58: Net 30 | P58: AP
A59: AP10057 | B59: Payable | C59: BluePrints | D59: 44929 | E59: 44959 | F59: 2784.23 | G59: USD | H59: Partial | I59: 0 | O59: Net 30 | P59: AP
A60: AP10058 | B60: Payable | C60: TechMart | D60: 45462 | E60: 45492 | F60: 2946.12 | G60: CAD | H60: Open | I60: 0 | O60: Net 30 | P60: AP
A61: AP10059 | B61: Payable | C61: BluePrints | D61: 45725 | E61: 45755 | F61: 578.58 | G61: GBP | H61: Partial | I61: 0 | O61: Net 30 | P61: AP
A62: AP10060 | B62: Payable | C62: BluePrints | D62: 45440 | E62: 45470 | F62: 3849.56 | G62: GBP | H62: Paid | I62: 45483 | J62: 13 | O62: Net 30 | P62: AP
A63: AP10061 | B63: Payable | C63: BluePrints | D63: 45408 | E63: 45438 | F63: 2055.53 | G63: CAD | H63: Partial | I63: 0 | O63: Net 30 | P63: AP
A64: AP10062 | B64: Payable | C64: ABC Supplies | D64: 44981 | E64: 45011 | F64: 2185.32 | G64: AUD | H64: Paid | I64: 45011 | J64: 0 | O64: Net 30 | P64: AP
A65: AP10063 | B65: Payable | C65: BluePrints | D65: 45703 | E65: 45733 | F65: 3382.98 | G65: GBP | H65: Paid | I65: 45733 | J65: 0 | O65: Net 30 | P65: AP
A66: AP10064 | B66: Payable | C66: Fast Travel | D66: 45404 | E66: 45434 | F66: 3571.55 | G66: GBP | H66: Partial | I66: 0 | O66: Net 30 | P66: AP
A67: AP10065 | B67: Payable | C67: ABC Supplies | D67: 45762 | E67: 45792 | F67: 2137.45 | G67: USD | H67: Open | I67: 0 | O67: Net 30 | P67: AP
A68: AP10066 | B68: Payable | C68: TechMart | D68: 45697 | E68: 45727 | F68: 3793.28 | G68: USD | H68: Paid | I68: 45727 | J68: 0 | O68: Net 30 | P68: AP
A69: AP10067 | B69: Payable | C69: BluePrints | D69: 45660 | E69: 45690 | F69: 2973.27 | G69: CAD | H69: Paid | I69: 45690 | J69: 0 | O69: Net 30 | P69: AP
A70: AP10068 | B70: Payable | C70: BluePrints | D70: 45497 | E70: 45527 | F70: 4968.32 | G70: USD | H70: Open | I70: 0 | O70: Net 30 | P70: AP
A71: AP10069 | B71: Payable | C71: BluePrints | D71: 44958 | E71: 44988 | F71: 4336.91 | G71: USD | H71: Open | I71: 0 | O71: Net 30 | P71: AP
A72: AP10070 | B72: Payable | C72: TechMart | D72: 45629 | E72: 45659 | F72: 2479.95 | G72: USD | H72: Paid | I72: 45659 | J72: 0 | O72: Net 30 | P72: AP
A73: AP10071 | B73: Payable | C73: TechMart | D73: 45821 | E73: 45851 | F73: 2498.69 | G73: USD | H73: Open | I73: 0 | O73: Net 30 | P73: AP
A74: AP10072 | B74: Payable | C74: Fast Travel | D74: 45597 | E74: 45627 | F74: 2106.66 | G74: CAD | H74: Paid | I74: 45657 | J74: 30 | O74: Net 30 | P74: AP
A75: AP10073 | B75: Payable | C75: BluePrints | D75: 45092 | E75: 45122 | F75: 2082.92 | G75: AUD | H75: Partial | I75: 0 | O75: Net 30 | P75: AP
A76: AP10074 | B76: Payable | C76: ABC Supplies | D76: 45187 | E76: 45217 | F76: 3536.09 | G76: USD | H76: Paid | I76: 45217 | J76: 0 | O76: Net 30 | P76: AP
A77: AP10075 | B77: Payable | C77: BluePrints | D77: 45661 | E77: 45691 | F77: 3984.82 | G77: CAD | H77: Open | I77: 0 | O77: Net 30 | P77: AP
A78: AP10076 | B78: Payable | C78: TechMart | D78: 45068 | E78: 45098 | F78: 1175.94 | G78: USD | H78: Partial | I78: 0 | O78: Net 30 | P78: AP
A79: AP10077 | B79: Payable | C79: Global Office | D79: 45556 | E79: 45586 | F79: 1596.04 | G79: AUD | H79: Paid | I79: 45586 | J79: 0 | O79: Net 30 | P79: AP
A80: AP10078 | B80: Payable | C80: Global Office | D80: 45401 | E80: 45431 | F80: 1687.52 | G80: USD | H80: Paid | I80: 45431 | J80: 0 | O80: Net 30 | P80: AP
A81: AP10079 | B81: Payable | C81: Global Office | D81: 45161 | E81: 45191 | F81: 1247.56 | G81: USD | H81: Paid | I81: 45191 | J81: 0 | O81: Net 30 | P81: AP
A82: AP10080 | B82: Payable | C82: ABC Supplies | D82: 45811 | E82: 45841 | F82: 3330.96 | G82: AUD | H82: Partial | I82: 0 | O82: Net 30 | P82: AP
A83: AP10081 | B83: Payable | C83: TechMart | D83: 45561 | E83: 45591 | F83: 1612.59 | G83: EUR | H83: Open | I83: 0 | O83: Net 30 | P83: AP
A84: AP10082 | B84: Payable | C84: Global Office | D84: 45458 | E84: 45488 | F84: 1096.08 | G84: CAD | H84: Partial | I84: 0 | O84: Net 30 | P84: AP
A85: AP10083 | B85: Payable | C85: ABC Supplies | D85: 45423 | E85: 45453 | F85: 1927.05 | G85: USD | H85: Partial | I85: 0 | O85: Net 30 | P85: AP
A86: AP10084 | B86: Payable | C86: ABC Supplies | D86: 45082 | E86: 45112 | F86: 1169.93 | G86: USD | H86: Open | I86: 0 | O86: Net 30 | P86: AP
A87: AP10085 | B87: Payable | C87: TechMart | D87: 45820 | E87: 45850 | F87: 662.31 | G87: GBP | H87: Open | I87: 0 | O87: Net 30 | P87: AP
A88: AP10086 | B88: Payable | C88: TechMart | D88: 45111 | E88: 45141 | F88: 3443.5 | G88: CAD | H88: Paid | I88: 45141 | J88: 0 | O88: Net 30 | P88: AP
A89: AP10087 | B89: Payable | C89: TechMart | D89: 45456 | E89: 45486 | F89: 3290.86 | G89: CAD | H89: Paid | I89: 45486 | J89: 0 | O89: Net 30 | P89: AP
A90: AP10088 | B90: Payable | C90: TechMart | D90: 45737 | E90: 45767 | F90: 1872.61 | G90: EUR | H90: Open | I90: 0 | O90: Net 30 | P90: AP
A91: AP10089 | B91: Payable | C91: TechMart | D91: 45520 | E91: 45550 | F91: 307.49 | G91: GBP | H91: Open | I91: 0 | O91: Net 30 | P91: AP
A92: AP10090 | B92: Payable | C92: TechMart | D92: 45403 | E92: 45433 | F92: 211.08 | G92: AUD | H92: Partial | I92: 0 | O92: Net 30 | P92: AP
A93: AP10091 | B93: Payable | C93: TechMart | D93: 44966 | E93: 44996 | F93: 2052.01 | G93: EUR | H93: Open | I93: 0 | O93: Net 30 | P93: AP
A94: AP10092 | B94: Payable | C94: TechMart | D94: 45071 | E94: 45101 | F94: 4091.87 | G94: AUD | H94: Open | I94: 0 | O94: Net 30 | P94: AP
A95: AP10093 | B95: Payable | C95: Global Office | D95: 45227 | E95: 45257 | F95: 1321.04 | G95: AUD | H95: Open | I95: 0 | O95: Net 30 | P95: AP
A96: AP10094 | B96: Payable | C96: BluePrints | D96: 45088 | E96: 45118 | F96: 4205.21 | G96: AUD | H96: Paid | I96: 45118 | J96: 0 | O96: Net 30 | P96: AP
A97: AP10095 | B97: Payable | C97: Fast Travel | D97: 45426 | E97: 45456 | F97: 4804.12 | G97: CAD | H97: Open | I97: 0 | O97: Net 30 | P97: AP
A98: AP10096 | B98: Payable | C98: Fast Travel | D98: 45442 | E98: 45472 | F98: 2179.34 | G98: USD | H98: Paid | I98: 45472 | J98: 0 | O98: Net 30 | P98: AP
A99: AP10097 | B99: Payable | C99: ABC Supplies | D99: 45350 | E99: 45380 | F99: 2918.59 | G99: CAD | H99: Open | I99: 0 | O99: Net 30 | P99: AP
A100: AP10098 | B100: Payable | C100: Global Office | D100: 45568 | E100: 45598 | F100: 4508.92 | G100: CAD | H100: Paid | I100: 45598 | J100: 0 | O100: Net 30 | P100: AP
...

Sheet Pivot_AgingSummary
A3: Row Labels | B3: Sum of Amount | C3: Count of TransactionID
A4: 1-30 Days | B4: 157726.88 | C4: 906
A5: 30-60 Days | B5: 561.52 | C5: 8
A6: NA | B6: 1418925.6 | C6: 543
A7: On Time | B7: 658011.52 | C7: 1809
A8: Grand Total | B8: 2235225.5 | C8: 3266

Sheet Pivot_LateByYear
A3: Average of Late Flag | B3: Column Labels
A4: Row Labels | B4: Payable | C4: Receivables | D4: Grand Total
A5: 2012 | C5: 0.39075959 | D5: 0.39075959
A6: 2013 | C6: 0.31707317 | D6: 0.31707317
A7: 2023 | B7: 0.11111111 | D7: 0.11111111
A8: 2024 | B8: 0.20212766 | D8: 0.20212766
A9: 2025 | B9: 0.13043478 | D9: 0.13043478
A10: Grand Total | B10: 0.14785992 | C10: 0.35523114 | D10: 0.3356592

Sheet Pivot_Disputed
A1: TransactionType | B1: (All)
A3: Row Labels | B3: Sum of Amount | C3: Count of TransactionID
A4: 0 | B4: 110957.06 | C4: 1905
A5: 1 | B5: 36746.12 | C5: 561
B6: 2087522.3 | C6: 800
A7: Grand Total | B7: 2235225.5 | C7: 3266

Sheet Pivot_OpenAmount
A1: Open | B1: (All)
A3: Row Labels | B3: Sum of Amount
A4: Payable | B4: 2087522.3
A5: Receivables | B5: 147703.18
A6: Grand Total | B6: 2235225.5

Sheet Sheet3
